run_name,family,model_family,modality,seed,pair_role_macro_precision,pair_role_macro_recall,pair_role_macro_f1,pair_role_accuracy,pair_role_emo_cause_precision,pair_role_emo_cause_recall,pair_role_emo_cause_f1,pair_role_emo_context_precision,pair_role_emo_context_recall,pair_role_emo_context_f1,pair_role_non_pair_precision,pair_role_non_pair_recall,pair_role_non_pair_f1,pair_f1,emotion_f1,cause_f1,gold_context_pred_as_cause_rate,gold_context_pred_as_non_pair_rate
RC-Fusion_seed42,RC-Fusion,RC-Fusion,tv,42,0.48228597220842934,0.5058173488013825,0.4914723912513678,0.7847130968024529,0.403242147922999,0.443701226309922,0.42250530785562634,0.14510609171800137,0.21263791374122368,0.1724979658258747,0.8985096769842875,0.861112906353002,0.8794139000726025,0.42250530785562634,0.8395358143257303,0.7817522032141004,0.09829488465396188,0.6890672016048145
RC-Fusion_seed123,RC-Fusion,RC-Fusion,tv,123,0.47193967413439,0.5147914575368369,0.48374504375319144,0.7572820849759089,0.3705140640155189,0.4258639910813824,0.3962655601659751,0.14419753086419754,0.2928786359077232,0.19324950363997354,0.9011074275234535,0.8256317456214051,0.8617200674536256,0.3962655601659751,0.8380338436744562,0.7787798408488064,0.08726178535606821,0.6198595787362087
RC-Fusion_seed456,RC-Fusion,RC-Fusion,tv,456,0.4787212921152035,0.47421361173154963,0.47614519987129716,0.8014673674989049,0.4253285543608124,0.39687848383500557,0.41061130334486734,0.1188997338065661,0.13440320962888666,0.12617702448210924,0.8919355881782319,0.8913591417307568,0.8916472717869149,0.4106113033448674,0.819277108433735,0.7627756858526089,0.06720160481444333,0.79839518555667
RW-Fusion_seed42,RW-Fusion,RW-Fusion,ta,42,0.4826409900354969,0.49861063895670643,0.4876017522193985,0.7823587385019711,0.42286652078774617,0.43088071348940915,0.4268360022087245,0.12862547288776796,0.2046138415245737,0.15795586527293845,0.8964309764309765,0.8603373618561365,0.8780133891765327,0.42683600220872453,0.8386050283860503,0.7769477054429028,0.06920762286860582,0.7261785356068204
RW-Fusion_seed123,RW-Fusion,RW-Fusion,ta,123,0.47632031480154136,0.5032098470211092,0.4868488288392374,0.7791830924222515,0.37636003956478736,0.4241917502787068,0.39884696016771487,0.15684931506849314,0.2296890672016048,0.18640618640618642,0.8957515897713435,0.8557487235830156,0.875293339943811,0.39884696016771487,0.8192468619246863,0.7799564270152505,0.09628886659979939,0.6740220661985958
RW-Fusion_seed456,RW-Fusion,RW-Fusion,ta,456,0.47315806660216503,0.4931657359739405,0.4818251403104761,0.7925427069645203,0.37902483900643974,0.4593088071348941,0.4153225806451613,0.14454277286135694,0.14744232698094284,0.14597815292949354,0.8959065879386984,0.8727460738059846,0.8841746873567734,0.4153225806451613,0.8307692307692307,0.7777182645956079,0.1123370110330993,0.7402206619859579
RWC-Fusion_seed42,RWC-Fusion,RWC-Fusion,tav,42,0.4835631910401977,0.5036884617624243,0.48827251069713523,0.7766644765659221,0.41796875,0.4175027870680045,0.4177356385945343,0.13325930038867295,0.24072216649949849,0.17155110793423875,0.8994615227319201,0.85284043171977,0.8755307855626328,0.4177356385945343,0.8288942695722357,0.7795896896370332,0.0732196589769308,0.6860581745235708
RWC-Fusion_seed123,RWC-Fusion,RWC-Fusion,tav,123,0.46950820272468485,0.5173784943195584,0.48690711175628615,0.7675208059570741,0.3438967136150235,0.4899665551839465,0.40413793103448276,0.16225875625446748,0.22768304914744233,0.18948247078464106,0.9023691383045636,0.8344858786272863,0.8671009334497347,0.4041379310344828,0.8461538461538461,0.7834101382488479,0.1123370110330993,0.6599799398194583
RWC-Fusion_seed456,RWC-Fusion,RWC-Fusion,tav,456,0.47001012050709834,0.4869851458597392,0.47711688435600613,0.7840560665790627,0.3868835790543976,0.4241917502787068,0.4046796064876363,0.12876506024096385,0.1715145436308927,0.14709677419354839,0.8943817222259336,0.865249143669618,0.8795742723868339,0.4046796064876363,0.8272466146901929,0.7546961325966852,0.10030090270812438,0.728184553660983
CLIP_seed42,CLIP,CLIP,v,42,0.3459486658185438,0.36232179393668984,0.319155143374719,0.5619798510731494,0.11944796954314721,0.4197324414715719,0.1859718448999753,0.05673758865248227,0.05616850551654965,0.056451612903225805,0.8616604392600018,0.6110644348219479,0.7150419723209559,0.18597184489997529,0.7396006655574046,0.6257545271629779,0.362086258776329,0.5817452357071213
CLIP_seed123,CLIP,CLIP,v,123,0.34319340435488743,0.3546376455023366,0.2994145366695189,0.47651116951379763,0.12241735537190082,0.3963210702341137,0.18705603788476716,0.04821802935010482,0.16148445336008024,0.07426199261992619,0.8589448283426566,0.5061074129128159,0.6369255795038633,0.18705603788476716,0.7840505329648638,0.6137566137566137,0.3510531594784353,0.48746238716148443
CLIP_seed456,CLIP,CLIP,v,456,0.349868393108067,0.35610497791602597,0.2870086213204088,0.4994524748138414,0.10993238517136862,0.5256410256410257,0.1818357115310451,0.08021390374331551,0.015045135406218655,0.02533783783783784,0.8594588904095168,0.5276287727008337,0.6538523145923434,0.18183571153104514,0.7651757188498403,0.6422372227579556,0.47141424272818455,0.5135406218655968
hilo_t_seed42,hilo_t,hilo,t,42,0.5064864142217513,0.5506078257200827,0.5243173806397866,0.804366908053544,0.43970396168915976,0.5712669683257918,0.4969249692496925,0.16114109483423283,0.21175278622087132,0.1830122591943958,0.9186141861418614,0.868803722613585,0.8930149134752715,0.4933855952964234,0.8620408163265306,0.7649234020073956,0.14994934143870314,0.6382978723404256
hilo_t_seed123,hilo_t,hilo,t,123,0.4997857527232254,0.566639857312052,0.5228582258702411,0.7956989247311828,0.4064265536723164,0.6510180995475113,0.5004347826086957,0.16852966466036112,0.19858156028368795,0.18232558139534882,0.9244010398369985,0.850319912104957,0.8858143136066788,0.4972949578013417,0.8707865168539326,0.7692307692307693,0.20364741641337386,0.5977710233029382
hilo_t_seed456,hilo_t,hilo,t,456,0.5107996604984781,0.5551914723447181,0.5279605033484499,0.815229317533465,0.4449392712550607,0.621606334841629,0.5186408683341198,0.1678681771369722,0.1651469098277609,0.16649642492339123,0.9195915331034016,0.8788211723647644,0.8987442167878388,0.5157203190990146,0.8513957307060754,0.7647371216144451,0.18439716312056736,0.6504559270516718
hilo_ta_seed42,hilo_ta,hilo,ta,42,0.5171892717172771,0.579655768974427,0.5406513492464288,0.8010204081632653,0.44526748971193414,0.6119909502262444,0.5154835636017151,0.18113975576662145,0.270516717325228,0.21698496546119464,0.9251605696732756,0.8564596393718089,0.8894855186763768,0.5137963843958137,0.8728636932055023,0.7788813382122322,0.17325227963525835,0.5562310030395137
hilo_ta_seed123,hilo_ta,hilo,ta,123,0.5035880597681094,0.5480482193049633,0.5215119870759942,0.8054641211323239,0.4427061310782241,0.5921945701357466,0.5066537624001936,0.15088013411567477,0.182370820668693,0.1651376146788991,0.9171779141104295,0.8695792671104504,0.8927445841488902,0.5037322417529496,0.8652246256239601,0.7613038906414301,0.16210739614994935,0.6555217831813577
hilo_ta_seed456,hilo_ta,hilo,ta,456,0.5266574261160913,0.5282285126128236,0.5273700578136666,0.8310291858678955,0.5099228224917309,0.5231900452488688,0.5164712451144612,0.1611170784103115,0.1519756838905775,0.15641293013555788,0.9089323774462313,0.9095198086990242,0.9092259981909807,0.5124792013311149,0.8832406671961874,0.7825136612021858,0.10536980749746708,0.7426545086119554
hilo_tav_seed42,hilo_tav,hilo,tav,42,0.5135841239976058,0.5479092337710547,0.526938604707386,0.815668202764977,0.44064216307562315,0.5899321266968326,0.5044740024183797,0.18715393133997785,0.171225937183384,0.17883597883597885,0.9129562775772162,0.8825696374329477,0.8975058328677993,0.5015673981191222,0.879416282642089,0.7785939139559286,0.13779128672745694,0.690982776089159
hilo_tav_seed123,hilo_tav,hilo,tav,123,0.5114471384293823,0.5455070910001405,0.5233787614052788,0.7964121132323897,0.47352342158859473,0.5260180995475113,0.4983922829581994,0.14635603345280765,0.24822695035460993,0.184141300263059,0.9144619602467443,0.8622762230983002,0.887602700994578,0.49560351718625095,0.8520807581376185,0.755079006772009,0.13576494427558258,0.6160081053698075
hilo_tav_seed456,hilo_tav,hilo,tav,456,0.5096116152854478,0.601803166885469,0.5377760504496716,0.7775949089313144,0.4243312568706486,0.6549773755656109,0.5150100066711141,0.1705913134484563,0.3302938196555218,0.22498274672187715,0.9339122755372388,0.8201383054352743,0.8733353979560236,0.5119469026548673,0.8722500964878426,0.7867536377320622,0.1540020263424519,0.5157041540020263
hilo_tv_seed42,hilo_tv,hilo,tv,42,0.5278229088248544,0.5229282568142634,0.5202089673308877,0.8327847267939433,0.45087548638132297,0.5243212669683258,0.4848326359832636,0.22727272727272727,0.13171225937183384,0.1667735728030789,0.9053205128205128,0.9127512441026304,0.9090206932063206,0.4815007816571131,0.8633968382650994,0.7431141090500282,0.14184397163120568,0.7264437689969605
hilo_tv_seed123,hilo_tv,hilo,tv,123,0.5129069566909147,0.5426841227922153,0.525003197894002,0.8061773096335308,0.4663316582914573,0.5248868778280543,0.49387972325705165,0.15856236786469344,0.22796352583586627,0.18703241895261846,0.9138268439165935,0.8752019647127254,0.8940974514723359,0.48994708994708996,0.8525829483410333,0.7316791690709752,0.14792299898682879,0.624113475177305
hilo_tv_seed456,hilo_tv,hilo,tv,456,0.5073141508810246,0.5194821349712906,0.5102215032089975,0.8241167434715821,0.4359925788497217,0.5316742081447964,0.47910295616717635,0.17851959361393324,0.12462006079027356,0.1467780429594272,0.9074302801794188,0.9021521359788018,0.9047835105003889,0.4761663286004057,0.8721981911128589,0.7411167512690356,0.14994934143870314,0.7254305977710233
m3hg_t_seed42,m3hg_t,m3hg,t,42,0.5533811612438276,0.6246399637157517,0.5790549964409095,0.8153197547087166,0.5118040089086859,0.6404682274247492,0.5689527110670958,0.2119815668202765,0.3691073219658977,0.26930113428466884,0.9363579080025205,0.8643443417566082,0.8989111439709638,0.5689527110670959,0.8857827476038339,0.7888655462184874,0.12036108324974924,0.5105315947843531
m3hg_t_seed123,m3hg_t,m3hg,t,123,0.5506317644697678,0.6362599033260599,0.5793294872610534,0.8084209373631187,0.496793501496366,0.6477146042363434,0.5623034115654488,0.21421052631578946,0.4082246740220662,0.2809803244735934,0.940891265597148,0.85284043171977,0.8947047257441182,0.5623034115654488,0.8639933856965688,0.8011753183153771,0.09729187562688064,0.4944834503510532
m3hg_t_seed456,m3hg_t,m3hg,t,456,0.5442362669830223,0.6434021878932602,0.5769225368640974,0.8026171703898379,0.4726502311248074,0.6839464882943144,0.558997722095672,0.21620171673819744,0.40421263791374124,0.28171967843411394,0.943856853086062,0.842047437471725,0.8900502100625064,0.558997722095672,0.8863725107379931,0.8006119326874044,0.16349047141424272,0.43229689067201604
m3hg_ta_seed42,m3hg_ta,m3hg,ta,42,0.5526920948555888,0.6198179538732558,0.5787445318393392,0.8204117389399912,0.5027789653698161,0.6555183946488294,0.5690781514638277,0.2208915502328676,0.3329989969909729,0.2656,0.9344057689640827,0.8709364699799651,0.9015554440541896,0.5690781514638277,0.8891472868217055,0.8024254674077818,0.1213640922768305,0.5456369107321966
m3hg_ta_seed123,m3hg_ta,m3hg,ta,123,0.5638920069507085,0.6013386150317053,0.5804710034595059,0.8344283837056504,0.5204321277595115,0.6176142697881828,0.5648738210553148,0.24536256323777403,0.29187562688064195,0.26660558863948697,0.9258813298548398,0.894525948426291,0.9099336006837158,0.5648738210553148,0.8570212765957447,0.7941176470588235,0.10832497492477432,0.5997993981945837
m3hg_ta_seed456,m3hg_ta,m3hg,ta,456,0.5551916403341801,0.6272172981718697,0.5794218626201112,0.8124726237406921,0.5199258572752549,0.6254180602006689,0.5678137651821862,0.20846560846560847,0.39518555667001004,0.2729476965708348,0.937183455261677,0.8610482776449299,0.8975041261073124,0.5678137651821863,0.8594343604896582,0.7959287531806616,0.09929789368104312,0.5055165496489469
m3hg_tav_seed42,m3hg_tav,m3hg,tav,42,0.553781201245826,0.60433596791876,0.5749669944719819,0.828131844064827,0.49691629955947136,0.6287625418060201,0.5551181102362205,0.23372549019607844,0.29889669007021064,0.2623239436619718,0.9307018139819281,0.8853486718800491,0.9074589295177531,0.5551181102362205,0.8933969769291965,0.7859391395592864,0.13941825476429287,0.5616850551654965
m3hg_tav_seed123,m3hg_tav,m3hg,tav,123,0.5546918815356837,0.6065500503786405,0.5761384959072919,0.8276390713972843,0.5027027027027027,0.6220735785953178,0.5560538116591929,0.2290748898678414,0.31293881644934807,0.2645188639253921,0.9322980520365073,0.8846377560912557,0.9078428121372907,0.5560538116591929,0.8822075782537068,0.7946380697050939,0.1424272818455366,0.5446339017051154
m3hg_tav_seed456,m3hg_tav,m3hg,tav,456,0.5559783319353158,0.6208395764867509,0.5817180152440775,0.8240254051686378,0.4899443731279418,0.6382385730211817,0.5543451948680707,0.24282715185444367,0.34804413239719156,0.28606760098928274,0.9351634708235619,0.8762360240418794,0.904741249874879,0.5543451948680707,0.8814516129032257,0.7900318133616118,0.1424272818455366,0.5095285857572718
m3hg_tv_seed42,m3hg_tv,m3hg,tv,42,0.5423059535537024,0.6078336977670337,0.567831820040254,0.8185501533070522,0.48857142857142855,0.6672240802675585,0.5640904806786051,0.20430107526881722,0.2858575727181545,0.2382943143812709,0.9340453568208613,0.8704194403153881,0.9011106650608859,0.5640904806786051,0.8830645161290321,0.7977811396873423,0.1514543630892678,0.5626880641925778
m3hg_tv_seed123,m3hg_tv,m3hg,tv,123,0.5531489812248788,0.614643965389739,0.575666495648986,0.8184406482698204,0.5112149532710281,0.6098104793756968,0.556176919166243,0.2132309509746013,0.362086258776329,0.2684014869888476,0.935001039429007,0.8720351580171912,0.9024210807918673,0.556176919166243,0.8693134822167079,0.7844374342797056,0.12036108324974924,0.5175526579739218
m3hg_tv_seed456,m3hg_tv,m3hg,tv,456,0.5441734010239753,0.6178319031644617,0.5719729390496108,0.8154840122645641,0.4700683005222981,0.6521739130434783,0.5463460191454588,0.22543741588156124,0.33600802407221664,0.2698348771647201,0.9370144866680663,0.8653137723776901,0.8997379208386533,0.5463460191454588,0.8817204301075269,0.790084388185654,0.17251755265797392,0.49147442326980945
mecpe_t_seed42,mecpe_t,mecpe,t,42,0.5348032860665558,0.5770461490975802,0.5525990927353823,0.8161410424879545,0.4775435380384968,0.5808249721293199,0.5241448692152918,0.20655487804878048,0.27181544633901705,0.23473365093113902,0.92031144211239,0.8784980288244038,0.8989187580597163,0.5241448692152918,0.8416255222180021,0.7782945736434108,0.08425275827482448,0.6439317953861585
mecpe_t_seed123,mecpe_t,mecpe,t,123,0.5357250466742763,0.5980654316950553,0.5599034304091679,0.8108848007008322,0.46964586846543,0.620958751393534,0.5348055688910226,0.20941336971350613,0.30792377131394183,0.2492894843686561,0.9281159018438929,0.8653137723776901,0.895615237967825,0.5348055688910225,0.8584269662921349,0.7872662961091461,0.09729187562688064,0.5947843530591775
mecpe_t_seed456,mecpe_t,mecpe,t,456,0.5421595011544187,0.5905885434350536,0.5595362515347798,0.8107752956636005,0.5004985044865404,0.5596432552954292,0.5284210526315789,0.20189461219656601,0.3420260782347041,0.2539091586001489,0.9240853867801496,0.8700962967750274,0.8962785433726117,0.528421052631579,0.8542478565861263,0.780982905982906,0.08425275827482448,0.5737211634904714
mecpe_ta_seed42,mecpe_ta,mecpe,ta,42,0.5284040782272379,0.6014109915789229,0.554988751985075,0.8017958826106001,0.4554178328668533,0.6348940914158305,0.530384167636787,0.1997471554993679,0.316950852557673,0.24505622334238078,0.9300472463154925,0.8523880307632651,0.8895258649760572,0.5303841676367871,0.8619801251380198,0.7887323943661971,0.10431293881644935,0.5787362086258776
mecpe_ta_seed123,mecpe_ta,mecpe,ta,123,0.5299807355616889,0.6246707445596065,0.5569619349775893,0.7835632939115199,0.46061359867330015,0.6192865105908584,0.5282929148834997,0.19090098126672614,0.4292878635907723,0.2642790984871874,0.9384276267450404,0.8254378594971886,0.8783137915620809,0.5282929148834997,0.867728788440163,0.7904667328699106,0.09428284854563691,0.4764292878635908
mecpe_ta_seed456,mecpe_ta,mecpe,ta,456,0.5308970213551136,0.5984735806312039,0.5559228613703122,0.8048072711344721,0.46391322486441383,0.6198439241917503,0.5306609401097591,0.19924575738529227,0.31795386158475425,0.24497681607418856,0.9295320818156346,0.8576229561171073,0.8921308279269892,0.5306609401097591,0.8564026646928201,0.7847358121330722,0.09327983951855567,0.5887662988966901
mecpe_tav_seed42,mecpe_tav,mecpe,tav,42,0.5202658270693866,0.5995382865689257,0.5480883990853912,0.7950065703022339,0.4325633383010432,0.6471571906354515,0.5185350602947745,0.19780927835051546,0.30792377131394183,0.24087877599058455,0.9304248645566011,0.8435338977573839,0.8848513609708145,0.5185350602947745,0.8556508765386049,0.7781672508763144,0.15546639919759278,0.5366098294884654
mecpe_tav_seed123,mecpe_tav,mecpe,tav,123,0.5257250859156609,0.5958464484246901,0.5516411152798805,0.8062308366184845,0.44080416976917347,0.6599777034559643,0.5285714285714286,0.20676402767102228,0.26980942828485455,0.23411662315056572,0.9296070603067872,0.8577522135332515,0.892235294117647,0.5285714285714285,0.8624535315985129,0.7828627069133399,0.1424272818455366,0.5877632898696088
mecpe_tav_seed456,mecpe_tav,mecpe,tav,456,0.5302559792223124,0.6157494328328896,0.5573398727807378,0.7906811213315813,0.4619858745326132,0.6198439241917503,0.5293977624375149,0.1950975487743872,0.39117352056168503,0.260347129506008,0.9336845143599365,0.8362308537452336,0.8822747263986908,0.5293977624375148,0.8544047180243273,0.7841191066997519,0.09829488465396188,0.5105315947843531
mecpe_tv_seed42,mecpe_tv,mecpe,tv,42,0.528781682834016,0.5936137149563198,0.5535421576348587,0.8062855891371004,0.4606650446066504,0.633221850613155,0.5333333333333333,0.19902912621359223,0.28786359077231694,0.23534235342353424,0.9266508776818055,0.8597557034834874,0.8919507861477086,0.5333333333333333,0.8512059369202226,0.7820954254795869,0.1123370110330993,0.5997993981945837
mecpe_tv_seed123,mecpe_tv,mecpe,tv,123,0.5327335630273774,0.6002420757948923,0.5560702197836978,0.8004818221638196,0.4769503546099291,0.5997770345596433,0.5313580246913581,0.19181868435599778,0.34804413239719156,0.2473271560940841,0.9294316501162053,0.8529050604278421,0.8895254785656511,0.531358024691358,0.8567153011597457,0.7833163784333673,0.08826479438314945,0.563691073219659
mecpe_tv_seed456,mecpe_tv,mecpe,tv,456,0.5272963706697466,0.6039588272736763,0.5542552360395233,0.7977989487516426,0.4527543224768798,0.6276477146042363,0.526045316514833,0.19823008849557522,0.3370110330992979,0.24962852897473997,0.9309047010367846,0.847217734117495,0.8870918626289968,0.526045316514833,0.8582848837209301,0.7729166666666667,0.12637913741223672,0.5366098294884654
RoBERTa_seed42,RoBERTa,RoBERTa,t,42,0.4995524175872112,0.4875432012124982,0.49090224545208816,0.8041502409110819,0.4455239417071478,0.35785953177257523,0.3969088098918083,0.16216216216216217,0.21063189568706117,0.18324607329842932,0.8909711488923235,0.8941381761778582,0.8925518531660269,0.3969088098918084,0.7892918825561313,0.7587768969422425,0.055165496489468405,0.7342026078234705
RoBERTa_seed123,RoBERTa,RoBERTa,t,123,0.4821041105181673,0.5002219852734421,0.4899611067144849,0.7955540954883925,0.3680555555555556,0.4431438127090301,0.40212443095599393,0.18081918081918083,0.1815446339017051,0.18118118118118118,0.8974375951797656,0.8759775092095909,0.8865777080062794,0.40212443095599393,0.8226072607260726,0.7769396551724137,0.11334002006018054,0.7051153460381143
RoBERTa_seed456,RoBERTa,RoBERTa,t,456,0.4761927048125165,0.4891461077972162,0.48217859753883224,0.7951708278580815,0.38783649052841473,0.4336677814938685,0.4094736842105263,0.14678030303030304,0.15546639919759278,0.1509985387238188,0.8939613208788317,0.8783041427001874,0.8860635696821516,0.4094736842105264,0.8352893565358155,0.7762460233297984,0.09929789368104312,0.7452357071213641
WavLM_seed42,WavLM,WavLM,a,42,0.44228266371635033,0.40489918630633087,0.403517221155094,0.8143342093736312,0.2951622780159216,0.2686733556298774,0.28129559381383135,0.1619047619047619,0.017051153460381142,0.030852994555353903,0.8697809512283674,0.928973049828734,0.8984030750960967,0.2812955938138313,0.642077922077922,0.6408404464871963,0.13039117352056168,0.8525576730190572
WavLM_seed123,WavLM,WavLM,a,123,0.4668457108105926,0.40914153856246416,0.4108735176780472,0.8171265878230398,0.30382925298179536,0.2697881828316611,0.28579864186595805,0.22608695652173913,0.026078234704112337,0.046762589928057555,0.8706209229282436,0.931558198151619,0.9000593212401261,0.28579864186595805,0.6574500768049155,0.6443298969072164,0.12637913741223672,0.847542627883651
WavLM_seed456,WavLM,WavLM,a,456,0.46824451587386157,0.4051065577592661,0.4043741862866022,0.8177836180464302,0.2985543683218102,0.26477146042363436,0.28064992614475626,0.2361111111111111,0.017051153460381142,0.031805425631431246,0.8700680681886633,0.9334970593937827,0.9006672070836191,0.2806499261447563,0.6362694300518135,0.6392282958199357,0.1354062186559679,0.847542627883651
