model_family,family,modality,gold,pred,runs,count_mean,count_std,rate_within_gold_mean,rate_within_gold_std
RC-Fusion,RC-Fusion,tv,emo_cause,emo_cause,3,757.3333333333334,42.394968254892405,0.42214790040877,0.023631531914655748
RC-Fusion,RC-Fusion,tv,emo_cause,emo_context,3,211.0,33.18132004607411,0.11761426978818283,0.018495719089227487
RC-Fusion,RC-Fusion,tv,emo_cause,non_pair,3,825.6666666666666,45.9818804893116,0.4602378298030472,0.025630925579326398
RC-Fusion,RC-Fusion,tv,emo_context,emo_cause,3,84.0,15.716233645501712,0.08425275827482448,0.01576352421815618
RC-Fusion,RC-Fusion,tv,emo_context,emo_context,3,212.66666666666666,79.00210967647214,0.2133065864259445,0.07923982916396405
RC-Fusion,RC-Fusion,tv,emo_context,non_pair,3,700.3333333333334,89.74593769822303,0.702440655299231,0.09001598565518859
RC-Fusion,RC-Fusion,tv,non_pair,emo_cause,3,1062.0,158.7671250605742,0.06863568797259743,0.010260914176990503
RC-Fusion,RC-Fusion,tv,non_pair,emo_context,3,1114.0,352.6598928145927,0.07199638079234795,0.02279195326146143
RC-Fusion,RC-Fusion,tv,non_pair,non_pair,3,13297.0,509.03732672565377,0.8593679312350546,0.03289842478676753
RW-Fusion,RW-Fusion,ta,emo_cause,emo_cause,3,786.0,33.45145736735546,0.43812709030100333,0.018646297306218203
RW-Fusion,RW-Fusion,ta,emo_cause,emo_context,3,170.0,34.39476704383968,0.09476031215161651,0.01917211094974341
RW-Fusion,RW-Fusion,ta,emo_cause,non_pair,3,838.0,28.160255680657446,0.46711259754738016,0.015696909520990735
RW-Fusion,RW-Fusion,ta,emo_context,emo_cause,3,92.33333333333333,21.733231083604053,0.09261116683383484,0.021798626964497542
RW-Fusion,RW-Fusion,ta,emo_context,emo_context,3,193.33333333333334,42.027768598074935,0.19391507856904044,0.04215423129195077
RW-Fusion,RW-Fusion,ta,emo_context,non_pair,3,711.3333333333334,34.77547028198659,0.7134737545971248,0.034880110613828084
RW-Fusion,RW-Fusion,ta,non_pair,emo_cause,3,1129.6666666666667,129.66238210573385,0.07300889721881126,0.00837991224104788
RW-Fusion,RW-Fusion,ta,non_pair,emo_context,3,991.0,231.55129021450085,0.06404704969947651,0.014964860738997013
RW-Fusion,RW-Fusion,ta,non_pair,non_pair,3,13352.333333333334,136.06003576852854,0.8629440530817122,0.00879338433196723
RWC-Fusion,RWC-Fusion,tav,emo_cause,emo_cause,3,796.3333333333334,71.84242015225638,0.4438870308435526,0.040045942113855273
RWC-Fusion,RWC-Fusion,tav,emo_cause,emo_context,3,202.66666666666666,44.46721638840611,0.11296915644741733,0.02478663120869907
RWC-Fusion,RWC-Fusion,tav,emo_cause,non_pair,3,795.0,58.1033561853358,0.4431438127090301,0.032387600995170476
RWC-Fusion,RWC-Fusion,tav,emo_context,emo_cause,3,95.0,19.974984355438178,0.09528585757271817,0.020035089624311116
RWC-Fusion,RWC-Fusion,tav,emo_context,emo_context,3,212.66666666666666,36.665151483845435,0.2133065864259445,0.03677547791759822
RWC-Fusion,RWC-Fusion,tav,emo_context,non_pair,3,689.3333333333334,34.31229128655404,0.6914075560013373,0.03441553790025484
RWC-Fusion,RWC-Fusion,tav,non_pair,emo_cause,3,1213.6666666666667,311.76967994552217,0.07843770869686982,0.020149271630939193
RWC-Fusion,RWC-Fusion,tav,non_pair,emo_context,3,1094.0,184.6591454545374,0.07070380663090546,0.01193428200442948
RWC-Fusion,RWC-Fusion,tav,non_pair,non_pair,3,13165.333333333334,239.47720837969786,0.8508584846722247,0.01547710259029913
CLIP,CLIP,v,emo_cause,emo_cause,3,802.3333333333334,123.61769021193257,0.44723151244890375,0.06890618183496801
CLIP,CLIP,v,emo_cause,emo_context,3,138.0,131.05342422081156,0.07692307692307691,0.0730509611041313
CLIP,CLIP,v,emo_cause,non_pair,3,853.6666666666666,73.93465583427931,0.47584541062801927,0.041212182739286105
CLIP,CLIP,v,emo_context,emo_cause,3,393.6666666666667,66.33500835406092,0.3948512203276496,0.06653461219063281
CLIP,CLIP,v,emo_context,emo_context,3,77.33333333333333,75.30161574185067,0.07756603142761619,0.07552820034287931
CLIP,CLIP,v,emo_context,non_pair,3,526.0,48.53864439804639,0.5275827482447343,0.04868469849352695
CLIP,CLIP,v,non_pair,emo_cause,3,5700.666666666667,1287.348567146184,0.36842672181649755,0.08319967473315996
CLIP,CLIP,v,non_pair,emo_context,3,1289.0,1432.2677822250978,0.08330640470496994,0.09256561637853665
CLIP,CLIP,v,non_pair,non_pair,3,8483.333333333334,857.8020362142616,0.5482668734785325,0.05543863738216645
hilo,hilo_t,t,emo_cause,emo_cause,3,1086.6666666666667,71.30451131123004,0.6146304675716441,0.04033060594526591
hilo,hilo_t,t,emo_cause,emo_context,3,150.0,40.95119045888654,0.08484162895927601,0.023162438042356643
hilo,hilo_t,t,emo_cause,non_pair,3,531.3333333333334,39.87898360456712,0.3005279034690799,0.022555986201678223
hilo,hilo_t,t,emo_context,emo_cause,3,177.0,26.851443164195103,0.17933130699088143,0.027205109588850154
hilo,hilo_t,t,emo_context,emo_context,3,189.33333333333334,23.713568549109883,0.19182708544410673,0.02402590531824708
hilo,hilo_t,t,emo_context,non_pair,3,620.6666666666666,27.227437142216193,0.6288416075650118,0.027586055868506765
hilo,hilo_t,t,non_pair,emo_cause,3,1269.3333333333333,184.14758573854107,0.08203537344621814,0.011901220560882894
hilo,hilo_t,t,non_pair,emo_context,3,804.3333333333334,106.10529361598006,0.05198302419267972,0.00685744804601435
hilo,hilo_t,t,non_pair,non_pair,3,13399.333333333334,223.7193181943241,0.8659816023611021,0.014458690505675996
hilo,hilo_ta,ta,emo_cause,emo_cause,3,1018.0,82.41965784932621,0.57579185520362,0.0466174535346868
hilo,hilo_ta,ta,emo_cause,emo_context,3,160.66666666666666,6.806859285554048,0.09087481146304677,0.0038500335325531965
hilo,hilo_ta,ta,emo_cause,non_pair,3,589.3333333333334,79.1854363714271,0.3333333333333333,0.04478814274401987
hilo,hilo_ta,ta,emo_context,emo_cause,3,145.0,35.93048844644336,0.1469098277608916,0.03640373702780482
hilo,hilo_ta,ta,emo_context,emo_context,3,199.0,60.77005841695399,0.2016210739614995,0.06157047458657953
hilo,hilo_ta,ta,emo_context,non_pair,3,643.0,92.06519429187124,0.6514690982776089,0.09327780576684012
hilo,hilo_ta,ta,non_pair,emo_cause,3,1040.0,221.0407202304589,0.06721385639501067,0.014285576179826717
hilo,hilo_ta,ta,non_pair,emo_context,3,839.6666666666666,215.2215912340891,0.05426657187789483,0.0139094933906863
hilo,hilo_ta,ta,non_pair,non_pair,3,13593.333333333334,427.62405607417963,0.8785195717270945,0.0276367902846365
hilo,hilo_tav,tav,emo_cause,emo_cause,3,1043.6666666666667,114.00146197892958,0.5903092006033183,0.06448046492020905
hilo,hilo_tav,tav,emo_cause,emo_context,3,174.66666666666666,61.419323777890405,0.09879336349924585,0.03473943652595611
hilo,hilo_tav,tav,emo_cause,non_pair,3,549.6666666666666,139.50029868546278,0.3108974358974359,0.07890288387186807
hilo,hilo_tav,tav,emo_context,emo_cause,3,140.66666666666666,9.8657657246325,0.1425194191151638,0.009995709954034957
hilo,hilo_tav,tav,emo_context,emo_context,3,246.66666666666666,78.51326851770555,0.24991556906450527,0.07954738451641899
hilo,hilo_tav,tav,emo_context,non_pair,3,599.6666666666666,86.80053763274356,0.607565011820331,0.08794380712537343
hilo,hilo_tav,tav,non_pair,emo_cause,3,1169.0,260.02115298567537,0.07555095973631487,0.016804831188888734
hilo,hilo_tav,tav,non_pair,emo_context,3,1074.6666666666667,391.64567319623654,0.06945431827484434,0.025311553880710692
hilo,hilo_tav,tav,non_pair,non_pair,3,13229.333333333334,492.75687040703303,0.8549947219888407,0.031846239928070355
hilo,hilo_tv,tv,emo_cause,emo_cause,3,931.6666666666666,7.234178138070251,0.5269607843137255,0.004091729716103059
hilo,hilo_tv,tv,emo_cause,emo_context,3,126.66666666666667,49.3389636426763,0.07164404223227752,0.027906653644047683
hilo,hilo_tv,tv,emo_cause,non_pair,3,709.6666666666666,49.52103929981007,0.40139517345399706,0.028009637613014754
hilo,hilo_tv,tv,emo_context,emo_cause,3,144.66666666666666,4.163331998932268,0.14657210401891255,0.004218168185341702
hilo,hilo_tv,tv,emo_context,emo_context,3,159.33333333333334,56.97660338536629,0.16143194866599123,0.05772705510168824
hilo,hilo_tv,tv,emo_context,non_pair,3,683.0,58.02585630561603,0.6919959473150962,0.058790127969215816
hilo,hilo_tv,tv,non_pair,emo_cause,3,991.0,76.01973427998811,0.0640470496994765,0.004913057214501907
hilo,hilo_tv,tv,non_pair,emo_context,3,607.3333333333334,355.5985564275161,0.039251168702470966,0.02298187529422323
hilo,hilo_tv,tv,non_pair,non_pair,3,13874.666666666666,299.54020320039405,0.8967017815980526,0.019358896348503483
m3hg,m3hg_t,t,emo_cause,emo_cause,3,1179.3333333333333,41.78915329763617,0.6573764399851356,0.023293842417857372
m3hg,m3hg_t,t,emo_cause,emo_context,3,254.66666666666666,37.44774136491189,0.14195466369379414,0.020873880359482653
m3hg,m3hg_t,t,emo_cause,non_pair,3,360.0,34.87119154832539,0.20066889632107024,0.019437676448341917
m3hg,m3hg_t,t,emo_context,emo_cause,3,126.66666666666667,33.50124375800596,0.12704781009695754,0.033602049907729144
m3hg,m3hg_t,t,emo_context,emo_context,3,392.6666666666667,21.455380055672126,0.39384821130056835,0.021519939875298034
m3hg,m3hg_t,t,emo_context,non_pair,3,477.6666666666667,41.19870548128101,0.47910397860247406,0.04132267350178638
m3hg,m3hg_t,t,non_pair,emo_cause,3,1087.3333333333333,115.17522881823739,0.07027294857709128,0.0074436262404341275
m3hg,m3hg_t,t,non_pair,emo_context,3,1186.0,58.283788483591216,0.07664964777354101,0.003766805951243534
m3hg,m3hg_t,t,non_pair,non_pair,3,13199.666666666666,172.52922457755744,0.8530774036493677,0.011150340889133139
m3hg,m3hg_ta,ta,emo_cause,emo_cause,3,1135.3333333333333,35.907288025320604,0.6328502415458938,0.020015210716455213
m3hg,m3hg_ta,ta,emo_cause,emo_context,3,225.0,54.064775963653084,0.1254180602006689,0.030136441451311637
m3hg,m3hg_ta,ta,emo_cause,non_pair,3,433.6666666666667,66.4253967495365,0.24173169825343735,0.0370264195928297
m3hg,m3hg_ta,ta,emo_context,emo_cause,3,109.33333333333333,11.060440015358036,0.10966232029421598,0.01109372117889473
m3hg,m3hg_ta,ta,emo_context,emo_context,3,339.0,51.85556864985669,0.34002006018054165,0.05201160346023739
m3hg,m3hg_ta,ta,emo_context,non_pair,3,548.6666666666666,47.17343885422529,0.5503176195252424,0.04731538500925302
m3hg,m3hg_ta,ta,non_pair,emo_cause,3,964.0,68.60757975617562,0.062302074581529115,0.004434019243596955
m3hg,m3hg_ta,ta,non_pair,emo_context,3,962.3333333333334,247.08163293400287,0.06219436006807557,0.01596856672487577
m3hg,m3hg_ta,ta,non_pair,non_pair,3,13546.666666666666,266.1321726761596,0.8755035653503954,0.017199778496488103
m3hg,m3hg_tav,tav,emo_cause,emo_cause,3,1129.6666666666667,14.571661996262899,0.6296915644741732,0.008122442584315989
m3hg,m3hg_tav,tav,emo_cause,emo_context,3,216.66666666666666,10.503967504392488,0.12077294685990338,0.005855054350274515
m3hg,m3hg_tav,tav,emo_cause,non_pair,3,447.6666666666667,14.294521094927719,0.24953548866592343,0.007967960476548314
m3hg,m3hg_tav,tav,emo_context,emo_cause,3,141.0,1.7320508075688772,0.14142427281845535,0.0017372625953549442
m3hg,m3hg_tav,tav,emo_context,emo_context,3,319.0,25.238858928247925,0.31995987963891676,0.025314803338262706
m3hg,m3hg_tav,tav,emo_context,non_pair,3,537.0,26.514147167125703,0.5386158475426278,0.026593928953987715
m3hg,m3hg_tav,tav,non_pair,emo_cause,3,1005.0,44.034077712607996,0.06495185161248627,0.0028458655537134396
m3hg,m3hg_tav,tav,non_pair,emo_context,3,819.6666666666666,47.088569030427486,0.052973997716452316,0.0030432733814016325
m3hg,m3hg_tav,tav,non_pair,non_pair,3,13648.333333333334,78.42406093370435,0.8820741506710613,0.005068445739914971
m3hg,m3hg_tv,tv,emo_cause,emo_cause,3,1153.6666666666667,53.40724045795039,0.6430694908955779,0.029769922217363656
m3hg,m3hg_tv,tv,emo_cause,emo_context,3,233.0,39.1279950930277,0.1298773690078038,0.021810476640483665
m3hg,m3hg_tv,tv,emo_cause,non_pair,3,407.3333333333333,16.165807537309522,0.22705314009661837,0.009011040990696504
m3hg,m3hg_tv,tv,emo_context,emo_cause,3,147.66666666666666,26.159765544311238,0.14811099966566366,0.02623848098727305
m3hg,m3hg_tv,tv,emo_context,emo_context,3,327.0,38.62641583165593,0.3279839518555667,0.03874264376294475
m3hg,m3hg_tv,tv,emo_context,non_pair,3,522.3333333333334,35.921210076128204,0.5239050484787696,0.03602929797003833
m3hg,m3hg_tv,tv,non_pair,emo_cause,3,1058.3333333333333,116.79183761433562,0.06839871604299963,0.007548105578383998
m3hg,m3hg_tv,tv,non_pair,emo_context,3,964.6666666666666,79.21068951431576,0.062345160386910535,0.005119284528812494
m3hg,m3hg_tv,tv,non_pair,non_pair,3,13450.0,54.286278192559855,0.8692561235700899,0.0035084520256292023
mecpe,mecpe_t,t,emo_cause,emo_cause,3,1053.3333333333333,55.868894148115466,0.587142326272761,0.031142081464947294
mecpe,mecpe_t,t,emo_cause,emo_context,3,236.33333333333334,19.502136635080095,0.13173541434410999,0.010870756206845095
mecpe,mecpe_t,t,emo_cause,non_pair,3,504.3333333333333,52.2525916422653,0.28112225938312896,0.029126305263247106
mecpe,mecpe_t,t,emo_context,emo_cause,3,88.33333333333333,7.505553499465134,0.08859913072550986,0.007528137913204742
mecpe,mecpe_t,t,emo_context,emo_context,3,306.3333333333333,35.00476158086688,0.307255098629221,0.03511009185643617
mecpe,mecpe_t,t,emo_context,non_pair,3,602.3333333333334,35.9212100761282,0.6041457706452692,0.03602929797003833
mecpe,mecpe_t,t,non_pair,emo_cause,3,1045.0,121.87288459702593,0.0675369999353713,0.007876487080529045
mecpe,mecpe_t,t,non_pair,emo_context,3,946.3333333333334,135.51506681300543,0.061160300738921564,0.00875816369243233
mecpe,mecpe_t,t,non_pair,non_pair,3,13481.666666666666,103.27310072489024,0.8713026993257071,0.006674407078452131
mecpe,mecpe_ta,ta,emo_cause,emo_cause,3,1120.6666666666667,15.885003409925156,0.6246748420661464,0.008854516950905883
mecpe,mecpe_ta,ta,emo_cause,emo_context,3,274.3333333333333,41.18656738954259,0.15291713117800074,0.022957952836980263
mecpe,mecpe_ta,ta,emo_cause,non_pair,3,399.0,31.240998703626616,0.22240802675585283,0.017414157582846507
mecpe,mecpe_ta,ta,emo_context,emo_cause,3,97.0,6.082762530298219,0.09729187562688064,0.006101065727480657
mecpe,mecpe_ta,ta,emo_context,emo_context,3,353.6666666666667,64.37649674635405,0.35473085924439984,0.06457020736845945
mecpe,mecpe_ta,ta,emo_context,non_pair,3,546.3333333333334,61.97849089267447,0.5479772651287195,0.06216498585022516
mecpe,mecpe_ta,ta,non_pair,emo_cause,3,1219.0,34.597687784012386,0.07878239513992115,0.0022360038637634855
mecpe,mecpe_ta,ta,non_pair,emo_context,3,1177.0,274.63248169144157,0.07606798940089188,0.01774914248635957
mecpe,mecpe_ta,ta,non_pair,non_pair,3,13077.0,267.2246246138256,0.845149615459187,0.017270382253850334
mecpe,mecpe_tav,tav,emo_cause,emo_cause,3,1152.3333333333333,36.77408507812711,0.6423262727610554,0.020498375182902522
mecpe,mecpe_tav,tav,emo_cause,emo_context,3,218.33333333333334,46.479386111838146,0.1217019695280565,0.0259082419798429
mecpe,mecpe_tav,tav,emo_cause,non_pair,3,423.3333333333333,15.947831618540908,0.23597175771088816,0.008889538248907975
mecpe,mecpe_tav,tav,emo_context,emo_cause,3,131.66666666666666,29.871948937646053,0.13206285523236375,0.029961834440968973
mecpe,mecpe_tav,tav,emo_context,emo_context,3,322.0,61.87891401761993,0.3229689067201605,0.06206510934565687
mecpe,mecpe_tav,tav,emo_context,non_pair,3,543.3333333333334,39.17056718166504,0.5449682380474757,0.039288432479102325
mecpe,mecpe_tav,tav,non_pair,emo_cause,3,1308.3333333333333,96.50043177796319,0.08455589306103105,0.006236698234212058
mecpe,mecpe_tav,tav,non_pair,emo_context,3,1077.0,248.86944368483648,0.06960511859367931,0.01608411062397961
mecpe,mecpe_tav,tav,non_pair,non_pair,3,13087.666666666666,169.34087909696603,0.8458389883452897,0.010944282239834994
mecpe,mecpe_tv,tv,emo_cause,emo_cause,3,1112.6666666666667,32.14550253664317,0.6202155332590115,0.01791834032142874
mecpe,mecpe_tv,tv,emo_cause,emo_context,3,237.0,37.986839826445156,0.13210702341137123,0.021174381174161174
mecpe,mecpe_tv,tv,emo_cause,non_pair,3,444.3333333333333,9.291573243177565,0.24767744332961725,0.00517924929943009
mecpe,mecpe_tv,tv,emo_context,emo_cause,3,108.66666666666667,19.218047073866096,0.10899364760949515,0.01927587469795998
mecpe,mecpe_tv,tv,emo_context,emo_context,3,323.3333333333333,31.94265695482036,0.3243062520896021,0.0320387732746443
mecpe,mecpe_tv,tv,emo_context,non_pair,3,565.0,31.606961258558215,0.5667001003009027,0.03170206746094104
mecpe,mecpe_tv,tv,non_pair,emo_cause,3,1181.6666666666667,78.11743296686937,0.0763695900385618,0.005048628770559645
mecpe,mecpe_tv,tv,non_pair,emo_context,3,1088.3333333333333,121.22843450830064,0.0703375772851634,0.007834837103877763
mecpe,mecpe_tv,tv,non_pair,non_pair,3,13203.0,97.13907555664713,0.8532928326762749,0.006277972956546683
RoBERTa,RoBERTa,t,emo_cause,emo_cause,3,738.3333333333334,83.8590086593762,0.4115570419918246,0.046744151984044725
RoBERTa,RoBERTa,t,emo_cause,emo_context,3,163.66666666666666,23.860706890897706,0.0912300260126347,0.01330028254788055
RoBERTa,RoBERTa,t,emo_cause,non_pair,3,892.0,60.852280154485584,0.4972129319955407,0.03391988860339219
RoBERTa,RoBERTa,t,emo_context,emo_cause,3,89.0,30.265491900843113,0.0892678034102307,0.030356561585599913
RoBERTa,RoBERTa,t,emo_context,emo_context,3,182.0,27.51363298439521,0.18254764292878636,0.027596422251148642
RoBERTa,RoBERTa,t,emo_context,non_pair,3,726.0,20.663978319771825,0.728184553660983,0.020726156790142267
RoBERTa,RoBERTa,t,non_pair,emo_cause,3,1041.6666666666667,265.0213827851129,0.0673215709084642,0.017127989580890127
RoBERTa,RoBERTa,t,non_pair,emo_context,3,771.6666666666666,114.52656169349245,0.04987181972899029,0.007401703722193011
RoBERTa,RoBERTa,t,non_pair,non_pair,3,13659.666666666666,152.9062893844897,0.8828066093625454,0.009882135939022126
WavLM,WavLM,a,emo_cause,emo_cause,3,480.3333333333333,4.725815626252601,0.2677443329617243,0.0026342339053805008
WavLM,WavLM,a,emo_cause,emo_context,3,10.0,3.0,0.005574136008918617,0.0016722408026755853
WavLM,WavLM,a,emo_cause,non_pair,3,1303.6666666666667,7.637626158259702,0.7266815310293571,0.004257316699141451
WavLM,WavLM,a,emo_context,emo_cause,3,130.33333333333334,4.509249752822891,0.1307255098629221,0.004522818207445227
WavLM,WavLM,a,emo_context,emo_context,3,20.0,5.196152422706632,0.020060180541624874,0.005211787786064827
WavLM,WavLM,a,emo_context,non_pair,3,846.6666666666666,2.8867513459481207,0.8492143095954531,0.0028954376589248824
WavLM,WavLM,a,non_pair,emo_cause,3,995.0,22.538855339169288,0.06430556453176502,0.001456657101995038
WavLM,WavLM,a,non_pair,emo_context,3,67.33333333333333,16.772994167212165,0.004351666343523126,0.001084016943528221
WavLM,WavLM,a,non_pair,non_pair,3,14410.666666666666,35.11884584284268,0.9313427691247119,0.0022696856358070056
