run_name,family,model_family,modality,seed,gold,pred,count,rate_within_gold
CLIP_seed123,CLIP,CLIP,v,123,emo_cause,emo_cause,711,0.3963210702341137
CLIP_seed123,CLIP,CLIP,v,123,emo_cause,emo_context,283,0.15774804905239687
CLIP_seed123,CLIP,CLIP,v,123,emo_cause,non_pair,800,0.4459308807134894
CLIP_seed123,CLIP,CLIP,v,123,emo_context,emo_cause,350,0.3510531594784353
CLIP_seed123,CLIP,CLIP,v,123,emo_context,emo_context,161,0.16148445336008024
CLIP_seed123,CLIP,CLIP,v,123,emo_context,non_pair,486,0.48746238716148443
CLIP_seed123,CLIP,CLIP,v,123,non_pair,emo_cause,4747,0.3067924772183804
CLIP_seed123,CLIP,CLIP,v,123,non_pair,emo_context,2895,0.1871001098688037
CLIP_seed123,CLIP,CLIP,v,123,non_pair,non_pair,7831,0.5061074129128159
CLIP_seed42,CLIP,CLIP,v,42,emo_cause,emo_cause,753,0.4197324414715719
CLIP_seed42,CLIP,CLIP,v,42,emo_cause,emo_context,103,0.05741360089186176
CLIP_seed42,CLIP,CLIP,v,42,emo_cause,non_pair,938,0.5228539576365663
CLIP_seed42,CLIP,CLIP,v,42,emo_context,emo_cause,361,0.362086258776329
CLIP_seed42,CLIP,CLIP,v,42,emo_context,emo_context,56,0.05616850551654965
CLIP_seed42,CLIP,CLIP,v,42,emo_context,non_pair,580,0.5817452357071213
CLIP_seed42,CLIP,CLIP,v,42,non_pair,emo_cause,5190,0.3354229948943321
CLIP_seed42,CLIP,CLIP,v,42,non_pair,emo_context,828,0.05351257028372003
CLIP_seed42,CLIP,CLIP,v,42,non_pair,non_pair,9455,0.6110644348219479
CLIP_seed456,CLIP,CLIP,v,456,emo_cause,emo_cause,943,0.5256410256410257
CLIP_seed456,CLIP,CLIP,v,456,emo_cause,emo_context,28,0.01560758082497213
CLIP_seed456,CLIP,CLIP,v,456,emo_cause,non_pair,823,0.45875139353400224
CLIP_seed456,CLIP,CLIP,v,456,emo_context,emo_cause,470,0.47141424272818455
CLIP_seed456,CLIP,CLIP,v,456,emo_context,emo_context,15,0.015045135406218655
CLIP_seed456,CLIP,CLIP,v,456,emo_context,non_pair,512,0.5135406218655968
CLIP_seed456,CLIP,CLIP,v,456,non_pair,emo_cause,7165,0.4630646933367802
CLIP_seed456,CLIP,CLIP,v,456,non_pair,emo_context,144,0.009306533962386091
CLIP_seed456,CLIP,CLIP,v,456,non_pair,non_pair,8164,0.5276287727008337
hilo_t_seed123,hilo_t,hilo,t,123,emo_cause,emo_cause,1151,0.6510180995475113
hilo_t_seed123,hilo_t,hilo,t,123,emo_cause,emo_context,131,0.07409502262443439
hilo_t_seed123,hilo_t,hilo,t,123,emo_cause,non_pair,486,0.2748868778280543
hilo_t_seed123,hilo_t,hilo,t,123,emo_context,emo_cause,201,0.20364741641337386
hilo_t_seed123,hilo_t,hilo,t,123,emo_context,emo_context,196,0.19858156028368795
hilo_t_seed123,hilo_t,hilo,t,123,emo_context,non_pair,590,0.5977710233029382
hilo_t_seed123,hilo_t,hilo,t,123,non_pair,emo_cause,1480,0.09565048794674594
hilo_t_seed123,hilo_t,hilo,t,123,non_pair,emo_context,836,0.054029599948297036
hilo_t_seed123,hilo_t,hilo,t,123,non_pair,non_pair,13157,0.850319912104957
hilo_t_seed42,hilo_t,hilo,t,42,emo_cause,emo_cause,1010,0.5712669683257918
hilo_t_seed42,hilo_t,hilo,t,42,emo_cause,emo_context,197,0.11142533936651584
hilo_t_seed42,hilo_t,hilo,t,42,emo_cause,non_pair,561,0.3173076923076923
hilo_t_seed42,hilo_t,hilo,t,42,emo_context,emo_cause,148,0.14994934143870314
hilo_t_seed42,hilo_t,hilo,t,42,emo_context,emo_context,209,0.21175278622087132
hilo_t_seed42,hilo_t,hilo,t,42,emo_context,non_pair,630,0.6382978723404256
hilo_t_seed42,hilo_t,hilo,t,42,non_pair,emo_cause,1139,0.0736120984941511
hilo_t_seed42,hilo_t,hilo,t,42,non_pair,emo_context,891,0.05758417889226394
hilo_t_seed42,hilo_t,hilo,t,42,non_pair,non_pair,13443,0.868803722613585
hilo_t_seed456,hilo_t,hilo,t,456,emo_cause,emo_cause,1099,0.621606334841629
hilo_t_seed456,hilo_t,hilo,t,456,emo_cause,emo_context,122,0.06900452488687783
hilo_t_seed456,hilo_t,hilo,t,456,emo_cause,non_pair,547,0.3093891402714932
hilo_t_seed456,hilo_t,hilo,t,456,emo_context,emo_cause,182,0.18439716312056736
hilo_t_seed456,hilo_t,hilo,t,456,emo_context,emo_context,163,0.1651469098277609
hilo_t_seed456,hilo_t,hilo,t,456,emo_context,non_pair,642,0.6504559270516718
hilo_t_seed456,hilo_t,hilo,t,456,non_pair,emo_cause,1189,0.07684353389775739
hilo_t_seed456,hilo_t,hilo,t,456,non_pair,emo_context,686,0.04433529373747819
hilo_t_seed456,hilo_t,hilo,t,456,non_pair,non_pair,13598,0.8788211723647644
hilo_ta_seed123,hilo_ta,hilo,ta,123,emo_cause,emo_cause,1047,0.5921945701357466
hilo_ta_seed123,hilo_ta,hilo,ta,123,emo_cause,emo_context,153,0.08653846153846154
hilo_ta_seed123,hilo_ta,hilo,ta,123,emo_cause,non_pair,568,0.3212669683257919
hilo_ta_seed123,hilo_ta,hilo,ta,123,emo_context,emo_cause,160,0.16210739614994935
hilo_ta_seed123,hilo_ta,hilo,ta,123,emo_context,emo_context,180,0.182370820668693
hilo_ta_seed123,hilo_ta,hilo,ta,123,emo_context,non_pair,647,0.6555217831813577
hilo_ta_seed123,hilo_ta,hilo,ta,123,non_pair,emo_cause,1158,0.07484004394752149
hilo_ta_seed123,hilo_ta,hilo,ta,123,non_pair,emo_context,860,0.05558068894202805
hilo_ta_seed123,hilo_ta,hilo,ta,123,non_pair,non_pair,13455,0.8695792671104504
hilo_ta_seed42,hilo_ta,hilo,ta,42,emo_cause,emo_cause,1082,0.6119909502262444
hilo_ta_seed42,hilo_ta,hilo,ta,42,emo_cause,emo_context,163,0.09219457013574661
hilo_ta_seed42,hilo_ta,hilo,ta,42,emo_cause,non_pair,523,0.29581447963800905
hilo_ta_seed42,hilo_ta,hilo,ta,42,emo_context,emo_cause,171,0.17325227963525835
hilo_ta_seed42,hilo_ta,hilo,ta,42,emo_context,emo_context,267,0.270516717325228
hilo_ta_seed42,hilo_ta,hilo,ta,42,emo_context,non_pair,549,0.5562310030395137
hilo_ta_seed42,hilo_ta,hilo,ta,42,non_pair,emo_cause,1177,0.07606798940089188
hilo_ta_seed42,hilo_ta,hilo,ta,42,non_pair,emo_context,1044,0.06747237122729917
hilo_ta_seed42,hilo_ta,hilo,ta,42,non_pair,non_pair,13252,0.8564596393718089
hilo_ta_seed456,hilo_ta,hilo,ta,456,emo_cause,emo_cause,925,0.5231900452488688
hilo_ta_seed456,hilo_ta,hilo,ta,456,emo_cause,emo_context,166,0.09389140271493213
hilo_ta_seed456,hilo_ta,hilo,ta,456,emo_cause,non_pair,677,0.3829185520361991
hilo_ta_seed456,hilo_ta,hilo,ta,456,emo_context,emo_cause,104,0.10536980749746708
hilo_ta_seed456,hilo_ta,hilo,ta,456,emo_context,emo_context,150,0.1519756838905775
hilo_ta_seed456,hilo_ta,hilo,ta,456,emo_context,non_pair,733,0.7426545086119554
hilo_ta_seed456,hilo_ta,hilo,ta,456,non_pair,emo_cause,785,0.050733535836618625
hilo_ta_seed456,hilo_ta,hilo,ta,456,non_pair,emo_context,615,0.03974665546435727
hilo_ta_seed456,hilo_ta,hilo,ta,456,non_pair,non_pair,14073,0.9095198086990242
hilo_tav_seed123,hilo_tav,hilo,tav,123,emo_cause,emo_cause,930,0.5260180995475113
hilo_tav_seed123,hilo_tav,hilo,tav,123,emo_cause,emo_context,198,0.11199095022624435
hilo_tav_seed123,hilo_tav,hilo,tav,123,emo_cause,non_pair,640,0.36199095022624433
hilo_tav_seed123,hilo_tav,hilo,tav,123,emo_context,emo_cause,134,0.13576494427558258
hilo_tav_seed123,hilo_tav,hilo,tav,123,emo_context,emo_context,245,0.24822695035460993
hilo_tav_seed123,hilo_tav,hilo,tav,123,emo_context,non_pair,608,0.6160081053698075
hilo_tav_seed123,hilo_tav,hilo,tav,123,non_pair,emo_cause,900,0.058165837264913076
hilo_tav_seed123,hilo_tav,hilo,tav,123,non_pair,emo_context,1231,0.07955793963678666
hilo_tav_seed123,hilo_tav,hilo,tav,123,non_pair,non_pair,13342,0.8622762230983002
hilo_tav_seed42,hilo_tav,hilo,tav,42,emo_cause,emo_cause,1043,0.5899321266968326
hilo_tav_seed42,hilo_tav,hilo,tav,42,emo_cause,emo_context,105,0.05938914027149321
hilo_tav_seed42,hilo_tav,hilo,tav,42,emo_cause,non_pair,620,0.3506787330316742
hilo_tav_seed42,hilo_tav,hilo,tav,42,emo_context,emo_cause,136,0.13779128672745694
hilo_tav_seed42,hilo_tav,hilo,tav,42,emo_context,emo_context,169,0.171225937183384
hilo_tav_seed42,hilo_tav,hilo,tav,42,emo_context,non_pair,682,0.690982776089159
hilo_tav_seed42,hilo_tav,hilo,tav,42,non_pair,emo_cause,1188,0.07677890518968526
hilo_tav_seed42,hilo_tav,hilo,tav,42,non_pair,emo_context,629,0.04065145737736703
hilo_tav_seed42,hilo_tav,hilo,tav,42,non_pair,non_pair,13656,0.8825696374329477
hilo_tav_seed456,hilo_tav,hilo,tav,456,emo_cause,emo_cause,1158,0.6549773755656109
hilo_tav_seed456,hilo_tav,hilo,tav,456,emo_cause,emo_context,221,0.125
hilo_tav_seed456,hilo_tav,hilo,tav,456,emo_cause,non_pair,389,0.22002262443438914
hilo_tav_seed456,hilo_tav,hilo,tav,456,emo_context,emo_cause,152,0.1540020263424519
hilo_tav_seed456,hilo_tav,hilo,tav,456,emo_context,emo_context,326,0.3302938196555218
hilo_tav_seed456,hilo_tav,hilo,tav,456,emo_context,non_pair,509,0.5157041540020263
hilo_tav_seed456,hilo_tav,hilo,tav,456,non_pair,emo_cause,1419,0.09170813675434628
hilo_tav_seed456,hilo_tav,hilo,tav,456,non_pair,emo_context,1364,0.08815355781037937
hilo_tav_seed456,hilo_tav,hilo,tav,456,non_pair,non_pair,12690,0.8201383054352743
hilo_tv_seed123,hilo_tv,hilo,tv,123,emo_cause,emo_cause,928,0.5248868778280543
hilo_tv_seed123,hilo_tv,hilo,tv,123,emo_cause,emo_context,179,0.10124434389140272
hilo_tv_seed123,hilo_tv,hilo,tv,123,emo_cause,non_pair,661,0.373868778280543
hilo_tv_seed123,hilo_tv,hilo,tv,123,emo_context,emo_cause,146,0.14792299898682879
hilo_tv_seed123,hilo_tv,hilo,tv,123,emo_context,emo_context,225,0.22796352583586627
hilo_tv_seed123,hilo_tv,hilo,tv,123,emo_context,non_pair,616,0.624113475177305
hilo_tv_seed123,hilo_tv,hilo,tv,123,non_pair,emo_cause,916,0.05919989659406708
hilo_tv_seed123,hilo_tv,hilo,tv,123,non_pair,emo_context,1015,0.06559813869320752
hilo_tv_seed123,hilo_tv,hilo,tv,123,non_pair,non_pair,13542,0.8752019647127254
hilo_tv_seed42,hilo_tv,hilo,tv,42,emo_cause,emo_cause,927,0.5243212669683258
hilo_tv_seed42,hilo_tv,hilo,tv,42,emo_cause,emo_context,81,0.04581447963800905
hilo_tv_seed42,hilo_tv,hilo,tv,42,emo_cause,non_pair,760,0.4298642533936652
hilo_tv_seed42,hilo_tv,hilo,tv,42,emo_context,emo_cause,140,0.14184397163120568
hilo_tv_seed42,hilo_tv,hilo,tv,42,emo_context,emo_context,130,0.13171225937183384
hilo_tv_seed42,hilo_tv,hilo,tv,42,emo_context,non_pair,717,0.7264437689969605
hilo_tv_seed42,hilo_tv,hilo,tv,42,non_pair,emo_cause,989,0.06391779228333226
hilo_tv_seed42,hilo_tv,hilo,tv,42,non_pair,emo_context,361,0.023330963614037355
hilo_tv_seed42,hilo_tv,hilo,tv,42,non_pair,non_pair,14123,0.9127512441026304
hilo_tv_seed456,hilo_tv,hilo,tv,456,emo_cause,emo_cause,940,0.5316742081447964
hilo_tv_seed456,hilo_tv,hilo,tv,456,emo_cause,emo_context,120,0.06787330316742081
hilo_tv_seed456,hilo_tv,hilo,tv,456,emo_cause,non_pair,708,0.4004524886877828
hilo_tv_seed456,hilo_tv,hilo,tv,456,emo_context,emo_cause,148,0.14994934143870314
hilo_tv_seed456,hilo_tv,hilo,tv,456,emo_context,emo_context,123,0.12462006079027356
hilo_tv_seed456,hilo_tv,hilo,tv,456,emo_context,non_pair,716,0.7254305977710233
hilo_tv_seed456,hilo_tv,hilo,tv,456,non_pair,emo_cause,1068,0.06902346022103018
hilo_tv_seed456,hilo_tv,hilo,tv,456,non_pair,emo_context,446,0.028824403800168034
hilo_tv_seed456,hilo_tv,hilo,tv,456,non_pair,non_pair,13959,0.9021521359788018
m3hg_t_seed123,m3hg_t,m3hg,t,123,emo_cause,emo_cause,1162,0.6477146042363434
m3hg_t_seed123,m3hg_t,m3hg,t,123,emo_cause,emo_context,296,0.16499442586399107
m3hg_t_seed123,m3hg_t,m3hg,t,123,emo_cause,non_pair,336,0.18729096989966554
m3hg_t_seed123,m3hg_t,m3hg,t,123,emo_context,emo_cause,97,0.09729187562688064
m3hg_t_seed123,m3hg_t,m3hg,t,123,emo_context,emo_context,407,0.4082246740220662
m3hg_t_seed123,m3hg_t,m3hg,t,123,emo_context,non_pair,493,0.4944834503510532
m3hg_t_seed123,m3hg_t,m3hg,t,123,non_pair,emo_cause,1080,0.06979900471789569
m3hg_t_seed123,m3hg_t,m3hg,t,123,non_pair,emo_context,1197,0.0773605635623344
m3hg_t_seed123,m3hg_t,m3hg,t,123,non_pair,non_pair,13196,0.85284043171977
m3hg_t_seed42,m3hg_t,m3hg,t,42,emo_cause,emo_cause,1149,0.6404682274247492
m3hg_t_seed42,m3hg_t,m3hg,t,42,emo_cause,emo_context,245,0.13656633221850614
m3hg_t_seed42,m3hg_t,m3hg,t,42,emo_cause,non_pair,400,0.2229654403567447
m3hg_t_seed42,m3hg_t,m3hg,t,42,emo_context,emo_cause,120,0.12036108324974924
m3hg_t_seed42,m3hg_t,m3hg,t,42,emo_context,emo_context,368,0.3691073219658977
m3hg_t_seed42,m3hg_t,m3hg,t,42,emo_context,non_pair,509,0.5105315947843531
m3hg_t_seed42,m3hg_t,m3hg,t,42,non_pair,emo_cause,976,0.06307761907839463
m3hg_t_seed42,m3hg_t,m3hg,t,42,non_pair,emo_context,1123,0.0725780391649971
m3hg_t_seed42,m3hg_t,m3hg,t,42,non_pair,non_pair,13374,0.8643443417566082
m3hg_t_seed456,m3hg_t,m3hg,t,456,emo_cause,emo_cause,1227,0.6839464882943144
m3hg_t_seed456,m3hg_t,m3hg,t,456,emo_cause,emo_context,223,0.12430323299888517
m3hg_t_seed456,m3hg_t,m3hg,t,456,emo_cause,non_pair,344,0.19175027870680045
m3hg_t_seed456,m3hg_t,m3hg,t,456,emo_context,emo_cause,163,0.16349047141424272
m3hg_t_seed456,m3hg_t,m3hg,t,456,emo_context,emo_context,403,0.40421263791374124
m3hg_t_seed456,m3hg_t,m3hg,t,456,emo_context,non_pair,431,0.43229689067201604
m3hg_t_seed456,m3hg_t,m3hg,t,456,non_pair,emo_cause,1206,0.07794222193498351
m3hg_t_seed456,m3hg_t,m3hg,t,456,non_pair,emo_context,1238,0.08001034059329154
m3hg_t_seed456,m3hg_t,m3hg,t,456,non_pair,non_pair,13029,0.842047437471725
m3hg_ta_seed123,m3hg_ta,m3hg,ta,123,emo_cause,emo_cause,1108,0.6176142697881828
m3hg_ta_seed123,m3hg_ta,m3hg,ta,123,emo_cause,emo_context,176,0.09810479375696766
m3hg_ta_seed123,m3hg_ta,m3hg,ta,123,emo_cause,non_pair,510,0.2842809364548495
m3hg_ta_seed123,m3hg_ta,m3hg,ta,123,emo_context,emo_cause,108,0.10832497492477432
m3hg_ta_seed123,m3hg_ta,m3hg,ta,123,emo_context,emo_context,291,0.29187562688064195
m3hg_ta_seed123,m3hg_ta,m3hg,ta,123,emo_context,non_pair,598,0.5997993981945837
m3hg_ta_seed123,m3hg_ta,m3hg,ta,123,non_pair,emo_cause,913,0.059006010469850705
m3hg_ta_seed123,m3hg_ta,m3hg,ta,123,non_pair,emo_context,719,0.04646804110385833
m3hg_ta_seed123,m3hg_ta,m3hg,ta,123,non_pair,non_pair,13841,0.894525948426291
m3hg_ta_seed42,m3hg_ta,m3hg,ta,42,emo_cause,emo_cause,1176,0.6555183946488294
m3hg_ta_seed42,m3hg_ta,m3hg,ta,42,emo_cause,emo_context,216,0.12040133779264214
m3hg_ta_seed42,m3hg_ta,m3hg,ta,42,emo_cause,non_pair,402,0.22408026755852842
m3hg_ta_seed42,m3hg_ta,m3hg,ta,42,emo_context,emo_cause,121,0.1213640922768305
m3hg_ta_seed42,m3hg_ta,m3hg,ta,42,emo_context,emo_context,332,0.3329989969909729
m3hg_ta_seed42,m3hg_ta,m3hg,ta,42,emo_context,non_pair,544,0.5456369107321966
m3hg_ta_seed42,m3hg_ta,m3hg,ta,42,non_pair,emo_cause,1042,0.06734311381115492
m3hg_ta_seed42,m3hg_ta,m3hg,ta,42,non_pair,emo_context,955,0.06172041620887998
m3hg_ta_seed42,m3hg_ta,m3hg,ta,42,non_pair,non_pair,13476,0.8709364699799651
m3hg_ta_seed456,m3hg_ta,m3hg,ta,456,emo_cause,emo_cause,1122,0.6254180602006689
m3hg_ta_seed456,m3hg_ta,m3hg,ta,456,emo_cause,emo_context,283,0.15774804905239687
m3hg_ta_seed456,m3hg_ta,m3hg,ta,456,emo_cause,non_pair,389,0.21683389074693424
m3hg_ta_seed456,m3hg_ta,m3hg,ta,456,emo_context,emo_cause,99,0.09929789368104312
m3hg_ta_seed456,m3hg_ta,m3hg,ta,456,emo_context,emo_context,394,0.39518555667001004
m3hg_ta_seed456,m3hg_ta,m3hg,ta,456,emo_context,non_pair,504,0.5055165496489469
m3hg_ta_seed456,m3hg_ta,m3hg,ta,456,non_pair,emo_cause,937,0.060557099463581725
m3hg_ta_seed456,m3hg_ta,m3hg,ta,456,non_pair,emo_context,1213,0.0783946228914884
m3hg_ta_seed456,m3hg_ta,m3hg,ta,456,non_pair,non_pair,13323,0.8610482776449299
m3hg_tav_seed123,m3hg_tav,m3hg,tav,123,emo_cause,emo_cause,1116,0.6220735785953178
m3hg_tav_seed123,m3hg_tav,m3hg,tav,123,emo_cause,emo_context,227,0.1265328874024526
m3hg_tav_seed123,m3hg_tav,m3hg,tav,123,emo_cause,non_pair,451,0.25139353400222963
m3hg_tav_seed123,m3hg_tav,m3hg,tav,123,emo_context,emo_cause,142,0.1424272818455366
m3hg_tav_seed123,m3hg_tav,m3hg,tav,123,emo_context,emo_context,312,0.31293881644934807
m3hg_tav_seed123,m3hg_tav,m3hg,tav,123,emo_context,non_pair,543,0.5446339017051154
m3hg_tav_seed123,m3hg_tav,m3hg,tav,123,non_pair,emo_cause,962,0.062172817165384864
m3hg_tav_seed123,m3hg_tav,m3hg,tav,123,non_pair,emo_context,823,0.0531894267433594
m3hg_tav_seed123,m3hg_tav,m3hg,tav,123,non_pair,non_pair,13688,0.8846377560912557
m3hg_tav_seed42,m3hg_tav,m3hg,tav,42,emo_cause,emo_cause,1128,0.6287625418060201
m3hg_tav_seed42,m3hg_tav,m3hg,tav,42,emo_cause,emo_context,206,0.11482720178372352
m3hg_tav_seed42,m3hg_tav,m3hg,tav,42,emo_cause,non_pair,460,0.2564102564102564
m3hg_tav_seed42,m3hg_tav,m3hg,tav,42,emo_context,emo_cause,139,0.13941825476429287
m3hg_tav_seed42,m3hg_tav,m3hg,tav,42,emo_context,emo_context,298,0.29889669007021064
m3hg_tav_seed42,m3hg_tav,m3hg,tav,42,emo_context,non_pair,560,0.5616850551654965
m3hg_tav_seed42,m3hg_tav,m3hg,tav,42,non_pair,emo_cause,1003,0.06482259419634201
m3hg_tav_seed42,m3hg_tav,m3hg,tav,42,non_pair,emo_context,771,0.04982873392360887
m3hg_tav_seed42,m3hg_tav,m3hg,tav,42,non_pair,non_pair,13699,0.8853486718800491
m3hg_tav_seed456,m3hg_tav,m3hg,tav,456,emo_cause,emo_cause,1145,0.6382385730211817
m3hg_tav_seed456,m3hg_tav,m3hg,tav,456,emo_cause,emo_context,217,0.120958751393534
m3hg_tav_seed456,m3hg_tav,m3hg,tav,456,emo_cause,non_pair,432,0.2408026755852843
m3hg_tav_seed456,m3hg_tav,m3hg,tav,456,emo_context,emo_cause,142,0.1424272818455366
m3hg_tav_seed456,m3hg_tav,m3hg,tav,456,emo_context,emo_context,347,0.34804413239719156
m3hg_tav_seed456,m3hg_tav,m3hg,tav,456,emo_context,non_pair,508,0.5095285857572718
m3hg_tav_seed456,m3hg_tav,m3hg,tav,456,non_pair,emo_cause,1050,0.06786014347573192
m3hg_tav_seed456,m3hg_tav,m3hg,tav,456,non_pair,emo_context,865,0.05590383248238868
m3hg_tav_seed456,m3hg_tav,m3hg,tav,456,non_pair,non_pair,13558,0.8762360240418794
m3hg_tv_seed123,m3hg_tv,m3hg,tv,123,emo_cause,emo_cause,1094,0.6098104793756968
m3hg_tv_seed123,m3hg_tv,m3hg,tv,123,emo_cause,emo_context,278,0.15496098104793757
m3hg_tv_seed123,m3hg_tv,m3hg,tv,123,emo_cause,non_pair,422,0.23522853957636566
m3hg_tv_seed123,m3hg_tv,m3hg,tv,123,emo_context,emo_cause,120,0.12036108324974924
m3hg_tv_seed123,m3hg_tv,m3hg,tv,123,emo_context,emo_context,361,0.362086258776329
m3hg_tv_seed123,m3hg_tv,m3hg,tv,123,emo_context,non_pair,516,0.5175526579739218
m3hg_tv_seed123,m3hg_tv,m3hg,tv,123,non_pair,emo_cause,926,0.05984618367478834
m3hg_tv_seed123,m3hg_tv,m3hg,tv,123,non_pair,emo_context,1054,0.06811865830802043
m3hg_tv_seed123,m3hg_tv,m3hg,tv,123,non_pair,non_pair,13493,0.8720351580171912
m3hg_tv_seed42,m3hg_tv,m3hg,tv,42,emo_cause,emo_cause,1197,0.6672240802675585
m3hg_tv_seed42,m3hg_tv,m3hg,tv,42,emo_cause,emo_context,207,0.11538461538461539
m3hg_tv_seed42,m3hg_tv,m3hg,tv,42,emo_cause,non_pair,390,0.21739130434782608
m3hg_tv_seed42,m3hg_tv,m3hg,tv,42,emo_context,emo_cause,151,0.1514543630892678
m3hg_tv_seed42,m3hg_tv,m3hg,tv,42,emo_context,emo_context,285,0.2858575727181545
m3hg_tv_seed42,m3hg_tv,m3hg,tv,42,emo_context,non_pair,561,0.5626880641925778
m3hg_tv_seed42,m3hg_tv,m3hg,tv,42,non_pair,emo_cause,1102,0.07122083629548245
m3hg_tv_seed42,m3hg_tv,m3hg,tv,42,non_pair,emo_context,903,0.05835972338912945
m3hg_tv_seed42,m3hg_tv,m3hg,tv,42,non_pair,non_pair,13468,0.8704194403153881
m3hg_tv_seed456,m3hg_tv,m3hg,tv,456,emo_cause,emo_cause,1170,0.6521739130434783
m3hg_tv_seed456,m3hg_tv,m3hg,tv,456,emo_cause,emo_context,214,0.11928651059085842
m3hg_tv_seed456,m3hg_tv,m3hg,tv,456,emo_cause,non_pair,410,0.22853957636566333
m3hg_tv_seed456,m3hg_tv,m3hg,tv,456,emo_context,emo_cause,172,0.17251755265797392
m3hg_tv_seed456,m3hg_tv,m3hg,tv,456,emo_context,emo_context,335,0.33600802407221664
m3hg_tv_seed456,m3hg_tv,m3hg,tv,456,emo_context,non_pair,490,0.49147442326980945
m3hg_tv_seed456,m3hg_tv,m3hg,tv,456,non_pair,emo_cause,1147,0.0741291281587281
m3hg_tv_seed456,m3hg_tv,m3hg,tv,456,non_pair,emo_context,937,0.060557099463581725
m3hg_tv_seed456,m3hg_tv,m3hg,tv,456,non_pair,non_pair,13389,0.8653137723776901
mecpe_t_seed123,mecpe_t,mecpe,t,123,emo_cause,emo_cause,1114,0.620958751393534
mecpe_t_seed123,mecpe_t,mecpe,t,123,emo_cause,emo_context,236,0.13154960981047936
mecpe_t_seed123,mecpe_t,mecpe,t,123,emo_cause,non_pair,444,0.24749163879598662
mecpe_t_seed123,mecpe_t,mecpe,t,123,emo_context,emo_cause,97,0.09729187562688064
mecpe_t_seed123,mecpe_t,mecpe,t,123,emo_context,emo_context,307,0.30792377131394183
mecpe_t_seed123,mecpe_t,mecpe,t,123,emo_context,non_pair,593,0.5947843530591775
mecpe_t_seed123,mecpe_t,mecpe,t,123,non_pair,emo_cause,1161,0.07503393007173786
mecpe_t_seed123,mecpe_t,mecpe,t,123,non_pair,emo_context,923,0.05965229755057196
mecpe_t_seed123,mecpe_t,mecpe,t,123,non_pair,non_pair,13389,0.8653137723776901
mecpe_t_seed42,mecpe_t,mecpe,t,42,emo_cause,emo_cause,1042,0.5808249721293199
mecpe_t_seed42,mecpe_t,mecpe,t,42,emo_cause,emo_context,217,0.120958751393534
mecpe_t_seed42,mecpe_t,mecpe,t,42,emo_cause,non_pair,535,0.29821627647714605
mecpe_t_seed42,mecpe_t,mecpe,t,42,emo_context,emo_cause,84,0.08425275827482448
mecpe_t_seed42,mecpe_t,mecpe,t,42,emo_context,emo_context,271,0.27181544633901705
mecpe_t_seed42,mecpe_t,mecpe,t,42,emo_context,non_pair,642,0.6439317953861585
mecpe_t_seed42,mecpe_t,mecpe,t,42,non_pair,emo_cause,1056,0.06824791572416468
mecpe_t_seed42,mecpe_t,mecpe,t,42,non_pair,emo_context,824,0.053254055451431526
mecpe_t_seed42,mecpe_t,mecpe,t,42,non_pair,non_pair,13593,0.8784980288244038
mecpe_t_seed456,mecpe_t,mecpe,t,456,emo_cause,emo_cause,1004,0.5596432552954292
mecpe_t_seed456,mecpe_t,mecpe,t,456,emo_cause,emo_context,256,0.1426978818283166
mecpe_t_seed456,mecpe_t,mecpe,t,456,emo_cause,non_pair,534,0.2976588628762542
mecpe_t_seed456,mecpe_t,mecpe,t,456,emo_context,emo_cause,84,0.08425275827482448
mecpe_t_seed456,mecpe_t,mecpe,t,456,emo_context,emo_context,341,0.3420260782347041
mecpe_t_seed456,mecpe_t,mecpe,t,456,emo_context,non_pair,572,0.5737211634904714
mecpe_t_seed456,mecpe_t,mecpe,t,456,non_pair,emo_cause,918,0.059329154010211334
mecpe_t_seed456,mecpe_t,mecpe,t,456,non_pair,emo_context,1092,0.0705745492147612
mecpe_t_seed456,mecpe_t,mecpe,t,456,non_pair,non_pair,13463,0.8700962967750274
mecpe_ta_seed123,mecpe_ta,mecpe,ta,123,emo_cause,emo_cause,1111,0.6192865105908584
mecpe_ta_seed123,mecpe_ta,mecpe,ta,123,emo_cause,emo_context,320,0.17837235228539577
mecpe_ta_seed123,mecpe_ta,mecpe,ta,123,emo_cause,non_pair,363,0.20234113712374582
mecpe_ta_seed123,mecpe_ta,mecpe,ta,123,emo_context,emo_cause,94,0.09428284854563691
mecpe_ta_seed123,mecpe_ta,mecpe,ta,123,emo_context,emo_context,428,0.4292878635907723
mecpe_ta_seed123,mecpe_ta,mecpe,ta,123,emo_context,non_pair,475,0.4764292878635908
mecpe_ta_seed123,mecpe_ta,mecpe,ta,123,non_pair,emo_cause,1207,0.07800685064305564
mecpe_ta_seed123,mecpe_ta,mecpe,ta,123,non_pair,emo_context,1494,0.0965552898597557
mecpe_ta_seed123,mecpe_ta,mecpe,ta,123,non_pair,non_pair,12772,0.8254378594971886
mecpe_ta_seed42,mecpe_ta,mecpe,ta,42,emo_cause,emo_cause,1139,0.6348940914158305
mecpe_ta_seed42,mecpe_ta,mecpe,ta,42,emo_cause,emo_context,240,0.13377926421404682
mecpe_ta_seed42,mecpe_ta,mecpe,ta,42,emo_cause,non_pair,415,0.23132664437012262
mecpe_ta_seed42,mecpe_ta,mecpe,ta,42,emo_context,emo_cause,104,0.10431293881644935
mecpe_ta_seed42,mecpe_ta,mecpe,ta,42,emo_context,emo_context,316,0.316950852557673
mecpe_ta_seed42,mecpe_ta,mecpe,ta,42,emo_context,non_pair,577,0.5787362086258776
mecpe_ta_seed42,mecpe_ta,mecpe,ta,42,non_pair,emo_cause,1258,0.08130291475473406
mecpe_ta_seed42,mecpe_ta,mecpe,ta,42,non_pair,emo_context,1026,0.0663090544820009
mecpe_ta_seed42,mecpe_ta,mecpe,ta,42,non_pair,non_pair,13189,0.8523880307632651
mecpe_ta_seed456,mecpe_ta,mecpe,ta,456,emo_cause,emo_cause,1112,0.6198439241917503
mecpe_ta_seed456,mecpe_ta,mecpe,ta,456,emo_cause,emo_context,263,0.14659977703455965
mecpe_ta_seed456,mecpe_ta,mecpe,ta,456,emo_cause,non_pair,419,0.23355629877369008
mecpe_ta_seed456,mecpe_ta,mecpe,ta,456,emo_context,emo_cause,93,0.09327983951855567
mecpe_ta_seed456,mecpe_ta,mecpe,ta,456,emo_context,emo_context,317,0.31795386158475425
mecpe_ta_seed456,mecpe_ta,mecpe,ta,456,emo_context,non_pair,587,0.5887662988966901
mecpe_ta_seed456,mecpe_ta,mecpe,ta,456,non_pair,emo_cause,1192,0.07703742002197377
mecpe_ta_seed456,mecpe_ta,mecpe,ta,456,non_pair,emo_context,1011,0.06533962386091902
mecpe_ta_seed456,mecpe_ta,mecpe,ta,456,non_pair,non_pair,13270,0.8576229561171073
mecpe_tav_seed123,mecpe_tav,mecpe,tav,123,emo_cause,emo_cause,1184,0.6599777034559643
mecpe_tav_seed123,mecpe_tav,mecpe,tav,123,emo_cause,emo_context,191,0.1064659977703456
mecpe_tav_seed123,mecpe_tav,mecpe,tav,123,emo_cause,non_pair,419,0.23355629877369008
mecpe_tav_seed123,mecpe_tav,mecpe,tav,123,emo_context,emo_cause,142,0.1424272818455366
mecpe_tav_seed123,mecpe_tav,mecpe,tav,123,emo_context,emo_context,269,0.26980942828485455
mecpe_tav_seed123,mecpe_tav,mecpe,tav,123,emo_context,non_pair,586,0.5877632898696088
mecpe_tav_seed123,mecpe_tav,mecpe,tav,123,non_pair,emo_cause,1360,0.08789504297809086
mecpe_tav_seed123,mecpe_tav,mecpe,tav,123,non_pair,emo_context,841,0.054352743488657665
mecpe_tav_seed123,mecpe_tav,mecpe,tav,123,non_pair,non_pair,13272,0.8577522135332515
mecpe_tav_seed42,mecpe_tav,mecpe,tav,42,emo_cause,emo_cause,1161,0.6471571906354515
mecpe_tav_seed42,mecpe_tav,mecpe,tav,42,emo_cause,emo_context,192,0.10702341137123746
mecpe_tav_seed42,mecpe_tav,mecpe,tav,42,emo_cause,non_pair,441,0.24581939799331104
mecpe_tav_seed42,mecpe_tav,mecpe,tav,42,emo_context,emo_cause,155,0.15546639919759278
mecpe_tav_seed42,mecpe_tav,mecpe,tav,42,emo_context,emo_context,307,0.30792377131394183
mecpe_tav_seed42,mecpe_tav,mecpe,tav,42,emo_context,non_pair,535,0.5366098294884654
mecpe_tav_seed42,mecpe_tav,mecpe,tav,42,non_pair,emo_cause,1368,0.08841207264266787
mecpe_tav_seed42,mecpe_tav,mecpe,tav,42,non_pair,emo_context,1053,0.0680540295999483
mecpe_tav_seed42,mecpe_tav,mecpe,tav,42,non_pair,non_pair,13052,0.8435338977573839
mecpe_tav_seed456,mecpe_tav,mecpe,tav,456,emo_cause,emo_cause,1112,0.6198439241917503
mecpe_tav_seed456,mecpe_tav,mecpe,tav,456,emo_cause,emo_context,272,0.1516164994425864
mecpe_tav_seed456,mecpe_tav,mecpe,tav,456,emo_cause,non_pair,410,0.22853957636566333
mecpe_tav_seed456,mecpe_tav,mecpe,tav,456,emo_context,emo_cause,98,0.09829488465396188
mecpe_tav_seed456,mecpe_tav,mecpe,tav,456,emo_context,emo_context,390,0.39117352056168503
mecpe_tav_seed456,mecpe_tav,mecpe,tav,456,emo_context,non_pair,509,0.5105315947843531
mecpe_tav_seed456,mecpe_tav,mecpe,tav,456,non_pair,emo_cause,1197,0.0773605635623344
mecpe_tav_seed456,mecpe_tav,mecpe,tav,456,non_pair,emo_context,1337,0.08640858269243198
mecpe_tav_seed456,mecpe_tav,mecpe,tav,456,non_pair,non_pair,12939,0.8362308537452336
mecpe_tv_seed123,mecpe_tv,mecpe,tv,123,emo_cause,emo_cause,1076,0.5997770345596433
mecpe_tv_seed123,mecpe_tv,mecpe,tv,123,emo_cause,emo_context,278,0.15496098104793757
mecpe_tv_seed123,mecpe_tv,mecpe,tv,123,emo_cause,non_pair,440,0.24526198439241917
mecpe_tv_seed123,mecpe_tv,mecpe,tv,123,emo_context,emo_cause,88,0.08826479438314945
mecpe_tv_seed123,mecpe_tv,mecpe,tv,123,emo_context,emo_context,347,0.34804413239719156
mecpe_tv_seed123,mecpe_tv,mecpe,tv,123,emo_context,non_pair,562,0.563691073219659
mecpe_tv_seed123,mecpe_tv,mecpe,tv,123,non_pair,emo_cause,1092,0.0705745492147612
mecpe_tv_seed123,mecpe_tv,mecpe,tv,123,non_pair,emo_context,1184,0.07652039035739676
mecpe_tv_seed123,mecpe_tv,mecpe,tv,123,non_pair,non_pair,13197,0.8529050604278421
mecpe_tv_seed42,mecpe_tv,mecpe,tv,42,emo_cause,emo_cause,1136,0.633221850613155
mecpe_tv_seed42,mecpe_tv,mecpe,tv,42,emo_cause,emo_context,203,0.11315496098104794
mecpe_tv_seed42,mecpe_tv,mecpe,tv,42,emo_cause,non_pair,455,0.2536231884057971
mecpe_tv_seed42,mecpe_tv,mecpe,tv,42,emo_context,emo_cause,112,0.1123370110330993
mecpe_tv_seed42,mecpe_tv,mecpe,tv,42,emo_context,emo_context,287,0.28786359077231694
mecpe_tv_seed42,mecpe_tv,mecpe,tv,42,emo_context,non_pair,598,0.5997993981945837
mecpe_tv_seed42,mecpe_tv,mecpe,tv,42,non_pair,emo_cause,1218,0.07871776643184902
mecpe_tv_seed42,mecpe_tv,mecpe,tv,42,non_pair,emo_context,952,0.061526530084663605
mecpe_tv_seed42,mecpe_tv,mecpe,tv,42,non_pair,non_pair,13303,0.8597557034834874
mecpe_tv_seed456,mecpe_tv,mecpe,tv,456,emo_cause,emo_cause,1126,0.6276477146042363
mecpe_tv_seed456,mecpe_tv,mecpe,tv,456,emo_cause,emo_context,230,0.1282051282051282
mecpe_tv_seed456,mecpe_tv,mecpe,tv,456,emo_cause,non_pair,438,0.24414715719063546
mecpe_tv_seed456,mecpe_tv,mecpe,tv,456,emo_context,emo_cause,126,0.12637913741223672
mecpe_tv_seed456,mecpe_tv,mecpe,tv,456,emo_context,emo_context,336,0.3370110330992979
mecpe_tv_seed456,mecpe_tv,mecpe,tv,456,emo_context,non_pair,535,0.5366098294884654
mecpe_tv_seed456,mecpe_tv,mecpe,tv,456,non_pair,emo_cause,1235,0.07981645446907516
mecpe_tv_seed456,mecpe_tv,mecpe,tv,456,non_pair,emo_context,1129,0.07296581141342985
mecpe_tv_seed456,mecpe_tv,mecpe,tv,456,non_pair,non_pair,13109,0.847217734117495
RC-Fusion_seed123,RC-Fusion,RC-Fusion,tv,123,emo_cause,emo_cause,764,0.4258639910813824
RC-Fusion_seed123,RC-Fusion,RC-Fusion,tv,123,emo_cause,emo_context,246,0.13712374581939799
RC-Fusion_seed123,RC-Fusion,RC-Fusion,tv,123,emo_cause,non_pair,784,0.43701226309921964
RC-Fusion_seed123,RC-Fusion,RC-Fusion,tv,123,emo_context,emo_cause,87,0.08726178535606821
RC-Fusion_seed123,RC-Fusion,RC-Fusion,tv,123,emo_context,emo_context,292,0.2928786359077232
RC-Fusion_seed123,RC-Fusion,RC-Fusion,tv,123,emo_context,non_pair,618,0.6198595787362087
RC-Fusion_seed123,RC-Fusion,RC-Fusion,tv,123,non_pair,emo_cause,1211,0.07826536547534414
RC-Fusion_seed123,RC-Fusion,RC-Fusion,tv,123,non_pair,emo_context,1487,0.09610288890325082
RC-Fusion_seed123,RC-Fusion,RC-Fusion,tv,123,non_pair,non_pair,12775,0.8256317456214051
RC-Fusion_seed42,RC-Fusion,RC-Fusion,tv,42,emo_cause,emo_cause,796,0.443701226309922
RC-Fusion_seed42,RC-Fusion,RC-Fusion,tv,42,emo_cause,emo_context,180,0.10033444816053512
RC-Fusion_seed42,RC-Fusion,RC-Fusion,tv,42,emo_cause,non_pair,818,0.4559643255295429
RC-Fusion_seed42,RC-Fusion,RC-Fusion,tv,42,emo_context,emo_cause,98,0.09829488465396188
RC-Fusion_seed42,RC-Fusion,RC-Fusion,tv,42,emo_context,emo_context,212,0.21263791374122368
RC-Fusion_seed42,RC-Fusion,RC-Fusion,tv,42,emo_context,non_pair,687,0.6890672016048145
RC-Fusion_seed42,RC-Fusion,RC-Fusion,tv,42,non_pair,emo_cause,1080,0.06979900471789569
RC-Fusion_seed42,RC-Fusion,RC-Fusion,tv,42,non_pair,emo_context,1069,0.0690880889291023
RC-Fusion_seed42,RC-Fusion,RC-Fusion,tv,42,non_pair,non_pair,13324,0.861112906353002
RC-Fusion_seed456,RC-Fusion,RC-Fusion,tv,456,emo_cause,emo_cause,712,0.39687848383500557
RC-Fusion_seed456,RC-Fusion,RC-Fusion,tv,456,emo_cause,emo_context,207,0.11538461538461539
RC-Fusion_seed456,RC-Fusion,RC-Fusion,tv,456,emo_cause,non_pair,875,0.48773690078037907
RC-Fusion_seed456,RC-Fusion,RC-Fusion,tv,456,emo_context,emo_cause,67,0.06720160481444333
RC-Fusion_seed456,RC-Fusion,RC-Fusion,tv,456,emo_context,emo_context,134,0.13440320962888666
RC-Fusion_seed456,RC-Fusion,RC-Fusion,tv,456,emo_context,non_pair,796,0.79839518555667
RC-Fusion_seed456,RC-Fusion,RC-Fusion,tv,456,non_pair,emo_cause,895,0.057842693724552446
RC-Fusion_seed456,RC-Fusion,RC-Fusion,tv,456,non_pair,emo_context,786,0.05079816454469075
RC-Fusion_seed456,RC-Fusion,RC-Fusion,tv,456,non_pair,non_pair,13792,0.8913591417307568
RoBERTa_seed123,RoBERTa,RoBERTa,t,123,emo_cause,emo_cause,795,0.4431438127090301
RoBERTa_seed123,RoBERTa,RoBERTa,t,123,emo_cause,emo_context,153,0.08528428093645485
RoBERTa_seed123,RoBERTa,RoBERTa,t,123,emo_cause,non_pair,846,0.47157190635451507
RoBERTa_seed123,RoBERTa,RoBERTa,t,123,emo_context,emo_cause,113,0.11334002006018054
RoBERTa_seed123,RoBERTa,RoBERTa,t,123,emo_context,emo_context,181,0.1815446339017051
RoBERTa_seed123,RoBERTa,RoBERTa,t,123,emo_context,non_pair,703,0.7051153460381143
RoBERTa_seed123,RoBERTa,RoBERTa,t,123,non_pair,emo_cause,1252,0.0809151425063013
RoBERTa_seed123,RoBERTa,RoBERTa,t,123,non_pair,emo_context,667,0.0431073482841078
RoBERTa_seed123,RoBERTa,RoBERTa,t,123,non_pair,non_pair,13554,0.8759775092095909
RoBERTa_seed42,RoBERTa,RoBERTa,t,42,emo_cause,emo_cause,642,0.35785953177257523
RoBERTa_seed42,RoBERTa,RoBERTa,t,42,emo_cause,emo_context,191,0.1064659977703456
RoBERTa_seed42,RoBERTa,RoBERTa,t,42,emo_cause,non_pair,961,0.5356744704570792
RoBERTa_seed42,RoBERTa,RoBERTa,t,42,emo_context,emo_cause,55,0.055165496489468405
RoBERTa_seed42,RoBERTa,RoBERTa,t,42,emo_context,emo_context,210,0.21063189568706117
RoBERTa_seed42,RoBERTa,RoBERTa,t,42,emo_context,non_pair,732,0.7342026078234705
RoBERTa_seed42,RoBERTa,RoBERTa,t,42,non_pair,emo_cause,744,0.04808375880566147
RoBERTa_seed42,RoBERTa,RoBERTa,t,42,non_pair,emo_context,894,0.05777806501648032
RoBERTa_seed42,RoBERTa,RoBERTa,t,42,non_pair,non_pair,13835,0.8941381761778582
RoBERTa_seed456,RoBERTa,RoBERTa,t,456,emo_cause,emo_cause,778,0.4336677814938685
RoBERTa_seed456,RoBERTa,RoBERTa,t,456,emo_cause,emo_context,147,0.08193979933110368
RoBERTa_seed456,RoBERTa,RoBERTa,t,456,emo_cause,non_pair,869,0.48439241917502784
RoBERTa_seed456,RoBERTa,RoBERTa,t,456,emo_context,emo_cause,99,0.09929789368104312
RoBERTa_seed456,RoBERTa,RoBERTa,t,456,emo_context,emo_context,155,0.15546639919759278
RoBERTa_seed456,RoBERTa,RoBERTa,t,456,emo_context,non_pair,743,0.7452357071213641
RoBERTa_seed456,RoBERTa,RoBERTa,t,456,non_pair,emo_cause,1129,0.07296581141342985
RoBERTa_seed456,RoBERTa,RoBERTa,t,456,non_pair,emo_context,754,0.04873004588638273
RoBERTa_seed456,RoBERTa,RoBERTa,t,456,non_pair,non_pair,13590,0.8783041427001874
RWC-Fusion_seed123,RWC-Fusion,RWC-Fusion,tav,123,emo_cause,emo_cause,879,0.4899665551839465
RWC-Fusion_seed123,RWC-Fusion,RWC-Fusion,tav,123,emo_cause,emo_context,176,0.09810479375696766
RWC-Fusion_seed123,RWC-Fusion,RWC-Fusion,tav,123,emo_cause,non_pair,739,0.4119286510590858
RWC-Fusion_seed123,RWC-Fusion,RWC-Fusion,tav,123,emo_context,emo_cause,112,0.1123370110330993
RWC-Fusion_seed123,RWC-Fusion,RWC-Fusion,tav,123,emo_context,emo_context,227,0.22768304914744233
RWC-Fusion_seed123,RWC-Fusion,RWC-Fusion,tav,123,emo_context,non_pair,658,0.6599799398194583
RWC-Fusion_seed123,RWC-Fusion,RWC-Fusion,tav,123,non_pair,emo_cause,1565,0.10114392813287662
RWC-Fusion_seed123,RWC-Fusion,RWC-Fusion,tav,123,non_pair,emo_context,996,0.06437019323983714
RWC-Fusion_seed123,RWC-Fusion,RWC-Fusion,tav,123,non_pair,non_pair,12912,0.8344858786272863
RWC-Fusion_seed42,RWC-Fusion,RWC-Fusion,tav,42,emo_cause,emo_cause,749,0.4175027870680045
RWC-Fusion_seed42,RWC-Fusion,RWC-Fusion,tav,42,emo_cause,emo_context,254,0.1415830546265329
RWC-Fusion_seed42,RWC-Fusion,RWC-Fusion,tav,42,emo_cause,non_pair,791,0.44091415830546266
RWC-Fusion_seed42,RWC-Fusion,RWC-Fusion,tav,42,emo_context,emo_cause,73,0.0732196589769308
RWC-Fusion_seed42,RWC-Fusion,RWC-Fusion,tav,42,emo_context,emo_context,240,0.24072216649949849
RWC-Fusion_seed42,RWC-Fusion,RWC-Fusion,tav,42,emo_context,non_pair,684,0.6860581745235708
RWC-Fusion_seed42,RWC-Fusion,RWC-Fusion,tav,42,non_pair,emo_cause,970,0.06268984682996187
RWC-Fusion_seed42,RWC-Fusion,RWC-Fusion,tav,42,non_pair,emo_context,1307,0.08446972145026821
RWC-Fusion_seed42,RWC-Fusion,RWC-Fusion,tav,42,non_pair,non_pair,13196,0.85284043171977
RWC-Fusion_seed456,RWC-Fusion,RWC-Fusion,tav,456,emo_cause,emo_cause,761,0.4241917502787068
RWC-Fusion_seed456,RWC-Fusion,RWC-Fusion,tav,456,emo_cause,emo_context,178,0.09921962095875139
RWC-Fusion_seed456,RWC-Fusion,RWC-Fusion,tav,456,emo_cause,non_pair,855,0.4765886287625418
RWC-Fusion_seed456,RWC-Fusion,RWC-Fusion,tav,456,emo_context,emo_cause,100,0.10030090270812438
RWC-Fusion_seed456,RWC-Fusion,RWC-Fusion,tav,456,emo_context,emo_context,171,0.1715145436308927
RWC-Fusion_seed456,RWC-Fusion,RWC-Fusion,tav,456,emo_context,non_pair,726,0.728184553660983
RWC-Fusion_seed456,RWC-Fusion,RWC-Fusion,tav,456,non_pair,emo_cause,1106,0.07147935112777096
RWC-Fusion_seed456,RWC-Fusion,RWC-Fusion,tav,456,non_pair,emo_context,979,0.063271505202611
RWC-Fusion_seed456,RWC-Fusion,RWC-Fusion,tav,456,non_pair,non_pair,13388,0.865249143669618
RW-Fusion_seed123,RW-Fusion,RW-Fusion,ta,123,emo_cause,emo_cause,761,0.4241917502787068
RW-Fusion_seed123,RW-Fusion,RW-Fusion,ta,123,emo_cause,emo_context,164,0.09141583054626533
RW-Fusion_seed123,RW-Fusion,RW-Fusion,ta,123,emo_cause,non_pair,869,0.48439241917502784
RW-Fusion_seed123,RW-Fusion,RW-Fusion,ta,123,emo_context,emo_cause,96,0.09628886659979939
RW-Fusion_seed123,RW-Fusion,RW-Fusion,ta,123,emo_context,emo_context,229,0.2296890672016048
RW-Fusion_seed123,RW-Fusion,RW-Fusion,ta,123,emo_context,non_pair,672,0.6740220661985958
RW-Fusion_seed123,RW-Fusion,RW-Fusion,ta,123,non_pair,emo_cause,1165,0.07529244490402637
RW-Fusion_seed123,RW-Fusion,RW-Fusion,ta,123,non_pair,emo_context,1067,0.06895883151295805
RW-Fusion_seed123,RW-Fusion,RW-Fusion,ta,123,non_pair,non_pair,13241,0.8557487235830156
RW-Fusion_seed42,RW-Fusion,RW-Fusion,ta,42,emo_cause,emo_cause,773,0.43088071348940915
RW-Fusion_seed42,RW-Fusion,RW-Fusion,ta,42,emo_cause,emo_context,207,0.11538461538461539
RW-Fusion_seed42,RW-Fusion,RW-Fusion,ta,42,emo_cause,non_pair,814,0.4537346711259755
RW-Fusion_seed42,RW-Fusion,RW-Fusion,ta,42,emo_context,emo_cause,69,0.06920762286860582
RW-Fusion_seed42,RW-Fusion,RW-Fusion,ta,42,emo_context,emo_context,204,0.2046138415245737
RW-Fusion_seed42,RW-Fusion,RW-Fusion,ta,42,emo_context,non_pair,724,0.7261785356068204
RW-Fusion_seed42,RW-Fusion,RW-Fusion,ta,42,non_pair,emo_cause,986,0.06372390615911588
RW-Fusion_seed42,RW-Fusion,RW-Fusion,ta,42,non_pair,emo_context,1175,0.07593873198474763
RW-Fusion_seed42,RW-Fusion,RW-Fusion,ta,42,non_pair,non_pair,13312,0.8603373618561365
RW-Fusion_seed456,RW-Fusion,RW-Fusion,ta,456,emo_cause,emo_cause,824,0.4593088071348941
RW-Fusion_seed456,RW-Fusion,RW-Fusion,ta,456,emo_cause,emo_context,139,0.07748049052396878
RW-Fusion_seed456,RW-Fusion,RW-Fusion,ta,456,emo_cause,non_pair,831,0.46321070234113715
RW-Fusion_seed456,RW-Fusion,RW-Fusion,ta,456,emo_context,emo_cause,112,0.1123370110330993
RW-Fusion_seed456,RW-Fusion,RW-Fusion,ta,456,emo_context,emo_context,147,0.14744232698094284
RW-Fusion_seed456,RW-Fusion,RW-Fusion,ta,456,emo_context,non_pair,738,0.7402206619859579
RW-Fusion_seed456,RW-Fusion,RW-Fusion,ta,456,non_pair,emo_cause,1238,0.08001034059329154
RW-Fusion_seed456,RW-Fusion,RW-Fusion,ta,456,non_pair,emo_context,731,0.04724358560072384
RW-Fusion_seed456,RW-Fusion,RW-Fusion,ta,456,non_pair,non_pair,13504,0.8727460738059846
WavLM_seed123,WavLM,WavLM,a,123,emo_cause,emo_cause,484,0.2697881828316611
WavLM_seed123,WavLM,WavLM,a,123,emo_cause,emo_context,13,0.007246376811594203
WavLM_seed123,WavLM,WavLM,a,123,emo_cause,non_pair,1297,0.7229654403567447
WavLM_seed123,WavLM,WavLM,a,123,emo_context,emo_cause,126,0.12637913741223672
WavLM_seed123,WavLM,WavLM,a,123,emo_context,emo_context,26,0.026078234704112337
WavLM_seed123,WavLM,WavLM,a,123,emo_context,non_pair,845,0.847542627883651
WavLM_seed123,WavLM,WavLM,a,123,non_pair,emo_cause,983,0.0635300200348995
WavLM_seed123,WavLM,WavLM,a,123,non_pair,emo_context,76,0.004911781813481548
WavLM_seed123,WavLM,WavLM,a,123,non_pair,non_pair,14414,0.931558198151619
WavLM_seed42,WavLM,WavLM,a,42,emo_cause,emo_cause,482,0.2686733556298774
WavLM_seed42,WavLM,WavLM,a,42,emo_cause,emo_context,10,0.005574136008918618
WavLM_seed42,WavLM,WavLM,a,42,emo_cause,non_pair,1302,0.725752508361204
WavLM_seed42,WavLM,WavLM,a,42,emo_context,emo_cause,130,0.13039117352056168
WavLM_seed42,WavLM,WavLM,a,42,emo_context,emo_context,17,0.017051153460381142
WavLM_seed42,WavLM,WavLM,a,42,emo_context,non_pair,850,0.8525576730190572
WavLM_seed42,WavLM,WavLM,a,42,non_pair,emo_cause,1021,0.06598591094164027
WavLM_seed42,WavLM,WavLM,a,42,non_pair,emo_context,78,0.0050410392296258
WavLM_seed42,WavLM,WavLM,a,42,non_pair,non_pair,14374,0.928973049828734
WavLM_seed456,WavLM,WavLM,a,456,emo_cause,emo_cause,475,0.26477146042363436
WavLM_seed456,WavLM,WavLM,a,456,emo_cause,emo_context,7,0.0039018952062430325
WavLM_seed456,WavLM,WavLM,a,456,emo_cause,non_pair,1312,0.7313266443701226
WavLM_seed456,WavLM,WavLM,a,456,emo_context,emo_cause,135,0.1354062186559679
WavLM_seed456,WavLM,WavLM,a,456,emo_context,emo_context,17,0.017051153460381142
WavLM_seed456,WavLM,WavLM,a,456,emo_context,non_pair,845,0.847542627883651
WavLM_seed456,WavLM,WavLM,a,456,non_pair,emo_cause,981,0.06340076261875525
WavLM_seed456,WavLM,WavLM,a,456,non_pair,emo_context,48,0.0031021779874620308
WavLM_seed456,WavLM,WavLM,a,456,non_pair,non_pair,14444,0.9334970593937827
