model_order,model_label,modality,seed,strategy_order,strategy,strategy_label,coverage_type,description,coverage_n,coverage_rate,source_pair_support,source_non_pair_support,pred_context_count,pred_context_rate,f1,precision,recall,accuracy,delta_f1_vs_original,tp,fp,fn,tn,binary_run,three_class_run
0,RoBERTa,T,42,0,original_binary_trained,Original binary trained,full,model trained and evaluated on original source-binary labels,18264,1.0,1832,16432,0,0.0,0.36809414841451454,0.4588427057864711,0.30731441048034935,0.8941633815155497,0.0,563,664,1269,15768,RoBERTa_source_binary_seed42,
0,RoBERTa,T,42,1,drop_context,Drop context,partial,exclude predicted emo-context rows; pair iff predicted emo-cause,16969,0.929095488392466,1645,15324,1295,0.07090451160753394,0.4134802333117304,0.44274809160305345,0.3878419452887538,0.8933349048264483,0.04538608489721585,638,803,1007,14521,RoBERTa_source_binary_seed42,RoBERTa_seed42
0,RoBERTa,T,42,2,context_to_positive,Context -> pair,full,pair iff predicted emo-cause or emo-context,18264,1.0,1832,16432,1295,0.07090451160753394,0.36120840630472856,0.30153508771929827,0.45032751091703055,0.8402321506789312,-0.006885742109785986,825,1911,1007,14521,RoBERTa_source_binary_seed42,RoBERTa_seed42
0,RoBERTa,T,42,3,context_to_negative,Context -> non-pair,full,pair iff predicted emo-cause,18264,1.0,1832,16432,1295,0.07090451160753394,0.3898564008554843,0.44274809160305345,0.3482532751091703,0.8906592203241349,0.021762252440969743,638,803,1194,15629,RoBERTa_source_binary_seed42,RoBERTa_seed42
0,RoBERTa,T,123,0,original_binary_trained,Original binary trained,full,model trained and evaluated on original source-binary labels,18264,1.0,1832,16432,0,0.0,0.3908335431881138,0.3627863487611033,0.42358078602620086,0.8675536574682435,0.0,776,1363,1056,15069,RoBERTa_source_binary_seed123,
0,RoBERTa,T,123,1,drop_context,Drop context,partial,exclude predicted emo-context rows; pair iff predicted emo-cause,17263,0.9451927288655279,1682,15581,1001,0.05480727113447219,0.4065590838105153,0.36157407407407405,0.4643281807372176,0.8679256212709262,0.0157255406224015,781,1379,901,14202,RoBERTa_source_binary_seed123,RoBERTa_seed123
0,RoBERTa,T,123,2,context_to_positive,Context -> pair,full,pair iff predicted emo-cause or emo-context,18264,1.0,1832,16432,1001,0.05480727113447219,0.3729220909272982,0.2945270484024043,0.5081877729257642,0.8285698642137538,-0.017911452260815586,931,2230,901,14202,RoBERTa_source_binary_seed123,RoBERTa_seed123
0,RoBERTa,T,123,3,context_to_negative,Context -> non-pair,full,pair iff predicted emo-cause,18264,1.0,1832,16432,1001,0.05480727113447219,0.3912825651302605,0.36157407407407405,0.42631004366812225,0.8669513797634691,0.0004490219421466879,781,1379,1051,15053,RoBERTa_source_binary_seed123,RoBERTa_seed123
0,RoBERTa,T,456,0,original_binary_trained,Original binary trained,full,model trained and evaluated on original source-binary labels,18264,1.0,1832,16432,0,0.0,0.36893203883495146,0.4327700220426157,0.3215065502183406,0.8896736749890495,0.0,589,772,1243,15660,RoBERTa_source_binary_seed456,
0,RoBERTa,T,456,1,drop_context,Drop context,partial,exclude predicted emo-context rows; pair iff predicted emo-cause,17208,0.9421813403416557,1683,15525,1056,0.05781865965834428,0.4060721062618596,0.37337986041874377,0.44503862150920975,0.87267549976755,0.03714006742690812,749,1257,934,14268,RoBERTa_source_binary_seed456,RoBERTa_seed456
0,RoBERTa,T,456,2,context_to_positive,Context -> pair,full,pair iff predicted emo-cause or emo-context,18264,1.0,1832,16432,1056,0.05781865965834428,0.36697997548017985,0.29327237099934683,0.490174672489083,0.8303766973280771,-0.0019520633547716049,898,2164,934,14268,RoBERTa_source_binary_seed456,RoBERTa_seed456
0,RoBERTa,T,456,3,context_to_negative,Context -> non-pair,full,pair iff predicted emo-cause,18264,1.0,1832,16432,1056,0.05781865965834428,0.3903074517978113,0.37337986041874377,0.4088427947598253,0.8718791064388962,0.02137541296285983,749,1257,1083,15175,RoBERTa_source_binary_seed456,RoBERTa_seed456
1,WavLM,A,42,0,original_binary_trained,Original binary trained,full,model trained and evaluated on original source-binary labels,18264,1.0,1832,16432,0,0.0,0.28022922636103154,0.29493365500603136,0.26692139737991266,0.8624616732369689,0.0,489,1169,1343,15263,WavLM_source_binary_seed42,
1,WavLM,A,42,1,drop_context,Drop context,partial,exclude predicted emo-context rows; pair iff predicted emo-cause,18159,0.9942509855453351,1821,16338,105,0.005749014454664914,0.27388535031847133,0.2896509491733007,0.25974739154310816,0.8618866677680489,-0.006343876042560204,473,1160,1348,15178,WavLM_source_binary_seed42,WavLM_seed42
1,WavLM,A,42,2,context_to_positive,Context -> pair,full,pair iff predicted emo-cause or emo-context,18264,1.0,1832,16432,105,0.005749014454664914,0.2711484593837534,0.27848101265822783,0.26419213973799127,0.8575339465615418,-0.00908076697727811,484,1254,1348,15178,WavLM_source_binary_seed42,WavLM_seed42
1,WavLM,A,42,3,context_to_negative,Context -> non-pair,full,pair iff predicted emo-cause,18264,1.0,1832,16432,105,0.005749014454664914,0.27301587301587305,0.2896509491733007,0.25818777292576417,0.8620784056066579,-0.007213353345158491,473,1160,1359,15272,WavLM_source_binary_seed42,WavLM_seed42
1,WavLM,A,123,0,original_binary_trained,Original binary trained,full,model trained and evaluated on original source-binary labels,18264,1.0,1832,16432,0,0.0,0.2853780523683436,0.30950861518825784,0.26473799126637554,0.867006132282085,0.0,485,1082,1347,15350,WavLM_source_binary_seed123,
1,WavLM,A,123,1,drop_context,Drop context,partial,exclude predicted emo-context rows; pair iff predicted emo-cause,18149,0.9937034603591766,1816,16333,115,0.006296539640823478,0.2798474625990026,0.2994350282485876,0.2626651982378855,0.8647308391646923,-0.00553058976934101,477,1116,1339,15217,WavLM_source_binary_seed123,WavLM_seed123
1,WavLM,A,123,2,context_to_positive,Context -> pair,full,pair iff predicted emo-cause or emo-context,18264,1.0,1832,16432,115,0.006296539640823478,0.2785310734463277,0.2886416861826698,0.2691048034934498,0.8601620674551029,-0.006846978922015912,493,1215,1339,15217,WavLM_source_binary_seed123,WavLM_seed123
1,WavLM,A,123,3,context_to_negative,Context -> non-pair,full,pair iff predicted emo-cause,18264,1.0,1832,16432,115,0.006296539640823478,0.27854014598540144,0.2994350282485876,0.2603711790393013,0.8647065265002191,-0.006837906382942183,477,1116,1355,15316,WavLM_source_binary_seed123,WavLM_seed123
1,WavLM,A,456,0,original_binary_trained,Original binary trained,full,model trained and evaluated on original source-binary labels,18264,1.0,1832,16432,0,0.0,0.28165456267761285,0.3340823970037453,0.24344978165938866,0.8754380201489268,0.0,446,889,1386,15543,WavLM_source_binary_seed456,
1,WavLM,A,456,1,drop_context,Drop context,partial,exclude predicted emo-context rows; pair iff predicted emo-cause,18192,0.9960578186596584,1824,16368,72,0.003942181340341655,0.27642752562225475,0.29666876178504087,0.25877192982456143,0.8641710642040458,-0.005227037055358097,472,1119,1352,15249,WavLM_source_binary_seed456,WavLM_seed456
1,WavLM,A,456,2,context_to_positive,Context -> pair,full,pair iff predicted emo-cause or emo-context,18264,1.0,1832,16432,72,0.003942181340341655,0.27467811158798283,0.28863499699338546,0.26200873362445415,0.8612023653088042,-0.00697645108963002,480,1183,1352,15249,WavLM_source_binary_seed456,WavLM_seed456
1,WavLM,A,456,3,context_to_negative,Context -> non-pair,full,pair iff predicted emo-cause,18264,1.0,1832,16432,72,0.003942181340341655,0.27578147823546595,0.29666876178504087,0.2576419213973799,0.8642685063512922,-0.005873084442146903,472,1119,1360,15313,WavLM_source_binary_seed456,WavLM_seed456
2,CLIP,V,42,0,original_binary_trained,Original binary trained,full,model trained and evaluated on original source-binary labels,18264,1.0,1832,16432,0,0.0,0.17247809062092115,0.10400269844839218,0.5049126637554585,0.5140166447656592,0.0,925,7969,907,8463,CLIP_source_binary_seed42,
2,CLIP,V,42,1,drop_context,Drop context,partial,exclude predicted emo-context rows; pair iff predicted emo-cause,17277,0.9459592641261498,1725,15552,987,0.0540407358738502,0.18806825258438162,0.11976522842639593,0.43768115942028984,0.6226775481854488,0.01559016196346047,755,5549,970,10003,CLIP_source_binary_seed42,CLIP_seed42
2,CLIP,V,42,2,context_to_positive,Context -> pair,full,pair iff predicted emo-cause or emo-context,18264,1.0,1832,16432,987,0.0540407358738502,0.1889729255727283,0.11822795226992182,0.4705240174672489,0.5948861147612791,0.016494834951807147,862,6429,970,10003,CLIP_source_binary_seed42,CLIP_seed42
2,CLIP,V,42,3,context_to_negative,Context -> non-pair,full,pair iff predicted emo-cause,18264,1.0,1832,16432,987,0.0540407358738502,0.18559488692232054,0.11976522842639593,0.412117903930131,0.6372098116513359,0.013116796301399392,755,5549,1077,10883,CLIP_source_binary_seed42,CLIP_seed42
2,CLIP,V,123,0,original_binary_trained,Original binary trained,full,model trained and evaluated on original source-binary labels,18264,1.0,1832,16432,0,0.0,0.15118263838088272,0.1366240634640811,0.16921397379912664,0.8094064826982041,0.0,310,1959,1522,14473,CLIP_source_binary_seed123,
2,CLIP,V,123,1,drop_context,Drop context,partial,exclude predicted emo-context rows; pair iff predicted emo-cause,14925,0.8171813403416557,1546,13379,3339,0.1828186596583443,0.1990753331520261,0.12603305785123967,0.47347994825355755,0.6053601340033501,0.047892694771143385,732,5076,814,8303,CLIP_source_binary_seed123,CLIP_seed123
2,CLIP,V,123,2,context_to_positive,Context -> pair,full,pair iff predicted emo-cause or emo-context,18264,1.0,1832,16432,3339,0.1828186596583443,0.18544494034065034,0.1112933202142779,0.5556768558951966,0.5103482260183968,0.03426230195976762,1018,8129,814,8303,CLIP_source_binary_seed123,CLIP_seed123
2,CLIP,V,123,3,context_to_negative,Context -> non-pair,full,pair iff predicted emo-cause,18264,1.0,1832,16432,3339,0.1828186596583443,0.19162303664921468,0.12603305785123967,0.39956331877729256,0.6618484450284713,0.040440398268331956,732,5076,1100,11356,CLIP_source_binary_seed123,CLIP_seed123
2,CLIP,V,456,0,original_binary_trained,Original binary trained,full,model trained and evaluated on original source-binary labels,18264,1.0,1832,16432,0,0.0,0.16936231585453795,0.10438095238095238,0.44868995633187775,0.5585304424003504,0.0,822,7053,1010,9379,CLIP_source_binary_seed456,
2,CLIP,V,456,1,drop_context,Drop context,partial,exclude predicted emo-context rows; pair iff predicted emo-cause,18077,0.9897612790188348,1800,16277,187,0.010238720981165133,0.1846213143187512,0.11168104453252506,0.5322222222222223,0.5318913536538142,0.015258998464213247,958,7620,842,8657,CLIP_source_binary_seed456,CLIP_seed456
2,CLIP,V,456,2,context_to_positive,Context -> pair,full,pair iff predicted emo-cause or emo-context,18264,1.0,1832,16432,187,0.010238720981165133,0.18684533358497687,0.11294922989161438,0.5403930131004366,0.528197547087166,0.01748301773043892,990,7775,842,8657,CLIP_source_binary_seed456,CLIP_seed456
2,CLIP,V,456,3,context_to_negative,Context -> non-pair,full,pair iff predicted emo-cause,18264,1.0,1832,16432,187,0.010238720981165133,0.1840537944284342,0.11168104453252506,0.5229257641921398,0.5349321068769164,0.014691478573896244,958,7620,874,8812,CLIP_source_binary_seed456,CLIP_seed456
3,RW-Fusion,T+A,42,0,original_binary_trained,Original binary trained,full,model trained and evaluated on original source-binary labels,18264,1.0,1832,16432,0,0.0,0.3869900771775083,0.3908685968819599,0.38318777292576417,0.8782303985983355,0.0,702,1094,1130,15338,RW-Fusion_source_binary_seed42,
3,RW-Fusion,T+A,42,1,drop_context,Drop context,partial,exclude predicted emo-context rows; pair iff predicted emo-cause,16678,0.9131625054752519,1644,15034,1586,0.08683749452474814,0.4349078341013825,0.41301969365426694,0.45924574209245744,0.8823599952032618,0.04791775692387423,755,1073,889,13961,RW-Fusion_source_binary_seed42,RW-Fusion_seed42
3,RW-Fusion,T+A,42,2,context_to_positive,Context -> pair,full,pair iff predicted emo-cause or emo-context,18264,1.0,1832,16432,1586,0.08683749452474814,0.3595120091498285,0.276215582893966,0.5147379912663755,0.8160315374507228,-0.02747806802767977,943,2471,889,13961,RW-Fusion_source_binary_seed42,RW-Fusion_seed42
3,RW-Fusion,T+A,42,3,context_to_negative,Context -> non-pair,full,pair iff predicted emo-cause,18264,1.0,1832,16432,1586,0.08683749452474814,0.4125683060109289,0.41301969365426694,0.412117903930131,0.8822820849759089,0.025578228833420646,755,1073,1077,15359,RW-Fusion_source_binary_seed42,RW-Fusion_seed42
3,RW-Fusion,T+A,123,0,original_binary_trained,Original binary trained,full,model trained and evaluated on original source-binary labels,18264,1.0,1832,16432,0,0.0,0.37021276595744673,0.4176954732510288,0.3324235807860262,0.8865527814279457,0.0,609,849,1223,15583,RW-Fusion_source_binary_seed123,
3,RW-Fusion,T+A,123,1,drop_context,Drop context,partial,exclude predicted emo-context rows; pair iff predicted emo-cause,16804,0.9200613228208497,1665,15139,1460,0.07993867717915024,0.40629237862761053,0.3704253214638971,0.4498498498498498,0.8697333968102833,0.036079612670163796,749,1273,916,13866,RW-Fusion_source_binary_seed123,RW-Fusion_seed123
3,RW-Fusion,T+A,123,2,context_to_positive,Context -> pair,full,pair iff predicted emo-cause or emo-context,18264,1.0,1832,16432,1460,0.07993867717915024,0.34474971772675955,0.2630672027570362,0.5,0.8093517301795883,-0.02546304823068718,916,2566,916,13866,RW-Fusion_source_binary_seed123,RW-Fusion_seed123
3,RW-Fusion,T+A,123,3,context_to_negative,Context -> non-pair,full,pair iff predicted emo-cause,18264,1.0,1832,16432,1460,0.07993867717915024,0.38868707836014527,0.3704253214638971,0.4088427947598253,0.8710030661410425,0.018474312402698534,749,1273,1083,15159,RW-Fusion_source_binary_seed123,RW-Fusion_seed123
3,RW-Fusion,T+A,456,0,original_binary_trained,Original binary trained,full,model trained and evaluated on original source-binary labels,18264,1.0,1832,16432,0,0.0,0.37847025495750714,0.3934040047114252,0.3646288209606987,0.8798729741568112,0.0,668,1030,1164,15402,RW-Fusion_source_binary_seed456,
3,RW-Fusion,T+A,456,1,drop_context,Drop context,partial,exclude predicted emo-context rows; pair iff predicted emo-cause,17247,0.9443166885676741,1690,15557,1017,0.05568331143232589,0.41718426501035194,0.37074517019319225,0.47692307692307695,0.8694265669391779,0.038714010052844805,806,1368,884,14189,RW-Fusion_source_binary_seed456,RW-Fusion_seed456
3,RW-Fusion,T+A,456,2,context_to_positive,Context -> pair,full,pair iff predicted emo-cause or emo-context,18264,1.0,1832,16432,1017,0.05568331143232589,0.3774636671311965,0.2970855531181448,0.517467248908297,0.8287888742882172,-0.0010065878263106343,948,2243,884,14189,RW-Fusion_source_binary_seed456,RW-Fusion_seed456
3,RW-Fusion,T+A,456,3,context_to_negative,Context -> non-pair,full,pair iff predicted emo-cause,18264,1.0,1832,16432,1017,0.05568331143232589,0.40239640539191207,0.37074517019319225,0.43995633187772926,0.8689224704336399,0.023926150434404936,806,1368,1026,15064,RW-Fusion_source_binary_seed456,RW-Fusion_seed456
4,RC-Fusion,T+V,42,0,original_binary_trained,Original binary trained,full,model trained and evaluated on original source-binary labels,18264,1.0,1832,16432,0,0.0,0.37217099748533106,0.38122495706926157,0.3635371179039301,0.8769710906701709,0.0,666,1081,1166,15351,RC-Fusion_source_binary_seed42,
4,RC-Fusion,T+V,42,1,drop_context,Drop context,partial,exclude predicted emo-context rows; pair iff predicted emo-cause,16803,0.9200065703022339,1662,15141,1461,0.0799934296977661,0.4306930693069307,0.3966565349544073,0.4711191335740072,0.8768077129084092,0.05852207182159963,783,1191,879,13950,RC-Fusion_source_binary_seed42,RC-Fusion_seed42
4,RC-Fusion,T+V,42,2,context_to_positive,Context -> pair,full,pair iff predicted emo-cause or emo-context,18264,1.0,1832,16432,1461,0.0799934296977661,0.3618758306436301,0.2774381368267831,0.5201965065502183,0.8159767849321069,-0.010295166841700953,953,2482,879,13950,RC-Fusion_source_binary_seed42,RC-Fusion_seed42
4,RC-Fusion,T+V,42,3,context_to_negative,Context -> non-pair,full,pair iff predicted emo-cause,18264,1.0,1832,16432,1461,0.0799934296977661,0.41145559642669477,0.3966565349544073,0.42740174672489084,0.8773543583004818,0.03928459894136371,783,1191,1049,15241,RC-Fusion_source_binary_seed42,RC-Fusion_seed42
4,RC-Fusion,T+V,123,0,original_binary_trained,Original binary trained,full,model trained and evaluated on original source-binary labels,18264,1.0,1832,16432,0,0.0,0.37303735787763936,0.37003222341568204,0.37609170305676853,0.8731931668856767,0.0,689,1173,1143,15259,RC-Fusion_source_binary_seed123,
4,RC-Fusion,T+V,123,1,drop_context,Drop context,partial,exclude predicted emo-context rows; pair iff predicted emo-cause,16239,0.889126149802891,1582,14657,2025,0.11087385019710906,0.41383095499451156,0.36566440349175555,0.47661188369152974,0.8684648069462405,0.04079359711687219,754,1308,828,13349,RC-Fusion_source_binary_seed123,RC-Fusion_seed123
4,RC-Fusion,T+V,123,2,context_to_positive,Context -> pair,full,pair iff predicted emo-cause or emo-context,18264,1.0,1832,16432,2025,0.11087385019710906,0.33924649434026016,0.24565696109615856,0.5480349344978166,0.7858628996933859,-0.0337908635373792,1004,3083,828,13349,RC-Fusion_source_binary_seed123,RC-Fusion_seed123
4,RC-Fusion,T+V,123,3,context_to_negative,Context -> non-pair,full,pair iff predicted emo-cause,18264,1.0,1832,16432,2025,0.11087385019710906,0.3872624550590652,0.36566440349175555,0.4115720524017467,0.8693604905825668,0.014225097181425839,754,1308,1078,15124,RC-Fusion_source_binary_seed123,RC-Fusion_seed123
4,RC-Fusion,T+V,456,0,original_binary_trained,Original binary trained,full,model trained and evaluated on original source-binary labels,18264,1.0,1832,16432,0,0.0,0.3668044890726521,0.3996138996138996,0.33897379912663755,0.8826106000876041,0.0,621,933,1211,15499,RC-Fusion_source_binary_seed456,
4,RC-Fusion,T+V,456,1,drop_context,Drop context,partial,exclude predicted emo-context rows; pair iff predicted emo-cause,17137,0.9382939115199299,1634,15503,1127,0.06170608848007008,0.42140266021765416,0.4163679808841099,0.4265605875152999,0.8883118398786252,0.05459817114500204,697,977,937,14526,RC-Fusion_source_binary_seed456,RC-Fusion_seed456
4,RC-Fusion,T+V,456,2,context_to_positive,Context -> pair,full,pair iff predicted emo-cause or emo-context,18264,1.0,1832,16432,1127,0.06170608848007008,0.3863587308439456,0.31952873973580864,0.4885371179039301,0.8443385895751204,0.0195542417712935,895,1906,937,14526,RC-Fusion_source_binary_seed456,RC-Fusion_seed456
4,RC-Fusion,T+V,456,3,context_to_negative,Context -> non-pair,full,pair iff predicted emo-cause,18264,1.0,1832,16432,1127,0.06170608848007008,0.3976041072447233,0.4163679808841099,0.3804585152838428,0.8843626806833115,0.030799618172071164,697,977,1135,15455,RC-Fusion_source_binary_seed456,RC-Fusion_seed456
5,RWC-Fusion,T+A+V,42,0,original_binary_trained,Original binary trained,full,model trained and evaluated on original source-binary labels,18264,1.0,1832,16432,0,0.0,0.3767615760713259,0.3981762917933131,0.35753275109170307,0.8813512921594393,0.0,655,990,1177,15442,RWC-Fusion_source_binary_seed42,
5,RWC-Fusion,T+A+V,42,1,drop_context,Drop context,partial,exclude predicted emo-context rows; pair iff predicted emo-cause,16463,0.9013907139728428,1590,14873,1801,0.09860928602715725,0.43820224719101125,0.4135044642857143,0.4660377358490566,0.8845896859624612,0.061440671119685375,741,1051,849,13822,RWC-Fusion_source_binary_seed42,RWC-Fusion_seed42
5,RWC-Fusion,T+A+V,42,2,context_to_positive,Context -> pair,full,pair iff predicted emo-cause or emo-context,18264,1.0,1832,16432,1801,0.09860928602715725,0.3623963133640553,0.27358753131088226,0.5365720524017468,0.8106110381077529,-0.014365262707270565,983,2610,849,13822,RWC-Fusion_source_binary_seed42,RWC-Fusion_seed42
5,RWC-Fusion,T+A+V,42,3,context_to_negative,Context -> non-pair,full,pair iff predicted emo-cause,18264,1.0,1832,16432,1801,0.09860928602715725,0.40894039735099336,0.4135044642857143,0.4044759825327511,0.8827201051248358,0.03217882127966748,741,1051,1091,15381,RWC-Fusion_source_binary_seed42,RWC-Fusion_seed42
5,RWC-Fusion,T+A+V,123,0,original_binary_trained,Original binary trained,full,model trained and evaluated on original source-binary labels,18264,1.0,1832,16432,0,0.0,0.37308719941705126,0.3361050328227571,0.4192139737991266,0.8586837494524748,0.0,768,1517,1064,14915,RWC-Fusion_source_binary_seed123,
5,RWC-Fusion,T+A+V,123,1,drop_context,Drop context,partial,exclude predicted emo-context rows; pair iff predicted emo-cause,16865,0.923401226456417,1652,15213,1399,0.07659877354358301,0.4134980988593156,0.3403755868544601,0.5266343825665859,0.85366142899496,0.040410899442264336,870,1686,782,13527,RWC-Fusion_source_binary_seed123,RWC-Fusion_seed123
5,RWC-Fusion,T+A+V,123,2,context_to_positive,Context -> pair,full,pair iff predicted emo-cause or emo-context,18264,1.0,1832,16432,1399,0.07659877354358301,0.3628823224468637,0.26548672566371684,0.5731441048034934,0.7981274638633377,-0.01020487697018757,1050,2905,782,13527,RWC-Fusion_source_binary_seed123,RWC-Fusion_seed123
5,RWC-Fusion,T+A+V,123,3,context_to_negative,Context -> non-pair,full,pair iff predicted emo-cause,18264,1.0,1832,16432,1399,0.07659877354358301,0.39653600729261623,0.3403755868544601,0.47489082969432317,0.8550153307052124,0.02344880787556497,870,1686,962,14746,RWC-Fusion_source_binary_seed123,RWC-Fusion_seed123
5,RWC-Fusion,T+A+V,456,0,original_binary_trained,Original binary trained,full,model trained and evaluated on original source-binary labels,18264,1.0,1832,16432,0,0.0,0.37837837837837834,0.4045991298943443,0.35534934497816595,0.8828843626806833,0.0,651,958,1181,15474,RWC-Fusion_source_binary_seed456,
5,RWC-Fusion,T+A+V,456,1,drop_context,Drop context,partial,exclude predicted emo-context rows; pair iff predicted emo-cause,16936,0.9272886552781427,1651,15285,1328,0.07271134472185721,0.4074074074074074,0.3746822572445348,0.4463961235614779,0.8734057628719887,0.02902902902902904,737,1230,914,14055,RWC-Fusion_source_binary_seed456,RWC-Fusion_seed456
5,RWC-Fusion,T+A+V,456,2,context_to_positive,Context -> pair,full,pair iff predicted emo-cause or emo-context,18264,1.0,1832,16432,1328,0.07271134472185721,0.3581041544763019,0.2786039453717754,0.5010917030567685,0.8198094612352168,-0.02027422390207645,918,2377,914,14055,RWC-Fusion_source_binary_seed456,RWC-Fusion_seed456
5,RWC-Fusion,T+A+V,456,3,context_to_negative,Context -> non-pair,full,pair iff predicted emo-cause,18264,1.0,1832,16432,1328,0.07271134472185721,0.38799684127401945,0.3746822572445348,0.40229257641921395,0.8727003942181341,0.009618462895641111,737,1230,1095,15202,RWC-Fusion_source_binary_seed456,RWC-Fusion_seed456
